"phi_mean","phi_lower","phi_upper"
0.392305325416338,0.266673269157703,0.598779134946017
