R0,vaccine_failure,coverage,phi,SU,SV,IU,IV,RU,RV,fV,incidence_U,incidence_V
15,0.03,0.76,0,608828.006087483,57838.6605783109,613.205064713787,58.2544811478097,1790558.7888478,7542103.08494054,0.0867579908675799,223.896499253621,21.270167429094
15,0.03,0.76,0.01,592667.020339131,57869.6224130335,618.737754093568,58.2438814075153,1806714.24190678,7542072.13370556,0.0860346549347749,225.916622463414,21.266297198919
15,0.03,0.76,0.02,577312.174608598,57925.744388978,623.994462597423,58.2246681265163,1822063.8309288,7542016.0309429,0.0853459914921046,227.835978155884,21.2592819496943
15,0.03,0.76,0.03,562707.204322659,58005.3983926315,628.994452503968,58.1973987043582,1836663.80122484,7541936.40420866,0.0846887206273278,229.661599470511,21.2493252019288
15,0.03,0.76,0.04,548800.660128226,58107.1542455517,633.755337146444,58.1625627347639,1850565.58453463,7541834.68319171,0.0840599191677936,231.399917475595,21.2366057185307
15,0.03,0.76,0.05,535545.447195964,58229.7544717499,638.293239562273,58.1205907307231,1863816.25956447,7541712.12493752,0.0834569737167203,233.056819095175,21.2212806905553
15,0.03,0.76,0.06,522898.408774725,58372.0928374382,642.622934301835,58.0718614005092,1876458.96829097,7541569.83530116,0.0828775406306545,234.637698886958,21.2034883938609
15,0.03,0.76,0.07,510819.950674715,58533.1960430632,646.757976468785,58.0167079601012,1888533.29134882,7541408.78724898,0.0823195118126511,236.147506158165,21.183350493932
15,0.03,0.76,0.08,499273.703368895,58712.2080726086,650.710817016413,57.9554234563893,1900075.58581409,7541229.83650394,0.0817809853870323,237.590787063118,21.1609739895142
15,0.03,0.76,0.09,488226.218268797,58908.3767794245,654.492907082337,57.8882653912736,1911119.28882412,7541033.73495518,0.081260240483711,238.971722698438,21.1364529009888
15,0.03,0.76,0.1,477646.694876498,59121.0423609453,658.114791165461,57.8154596465998,1921695.19033234,7540821.14217941,0.080755715491867,240.294163124289,21.1098697034647
15,0.03,0.76,0.11,467506.735751837,59349.6274368192,661.586191090284,57.7372038879327,1931831.67805707,7540592.63535929,0.0802659892490792,241.56165802184,21.0812965695814
15,0.03,0.76,0.12,457780.126432039,59593.6284899329,664.916081286367,57.6536704891478,1941554.95748667,7540348.71783958,0.0797897647216478,242.777484179685,21.0507964373501
15,0.03,0.76,0.13,448442.637705678,59852.6084711264,668.112756718077,57.5650090845053,1950889.2495376,7540089.82651979,0.0793258548039429,243.944670296688,21.01842394198
15,0.03,0.76,0.14,439471.847848637,60126.1903976337,671.183893224276,57.4713487156745,1959856.96825814,7539816.33825365,0.0788731699269252,245.066019013514,20.9842261998106
15,0.03,0.76,0.15,430846.982710432,60414.051806418,674.136602971721,57.3727997920558,1968478.8806866,7539528.57539379,0.078430707213456,246.14412716005,20.9482435240744
15,0.03,0.76,0.16,422548.771758705,60715.9199456649,676.977483096011,57.2694556810281,1976774.2507582,7539226.81059865,0.0779975409586535,247.181403515431,20.9105100055354
15,0.03,0.76,0.17,414559.318334712,61031.5676015199,679.712660664741,57.1613941835072,1984760.96900462,7538911.2710043,0.0775728142515196,248.180085225213,20.8710540512531
15,0.03,0.76,0.18,406861.982625205,61360.8094782997,682.347832085453,57.0486787175593,1992455.66954271,7538582.14184298,0.0771557315784494,249.142252190201,20.8298988167489
15,0.03,0.76,0.19,399441.275982995,61703.4990600718,684.888299943814,56.9313594487896,1999873.83571706,7538239.56958048,0.0767455522753394,250.069840516985,20.7870626187393
15,0.03,0.76,0.2,392282.765405164,62059.5258944233,687.339005340254,56.80947418903,2007029.8955895,7537883.66463139,0.0763415847129933,250.96465432486,20.7425592632696
15,0.03,0.76,0.21,385372.9870815,62428.8132459445,689.704557608652,56.6830492099428,2013937.30836089,7537514.50370484,0.0759431811194573,251.828376596859,20.6963983427804
15,0.03,0.76,0.22,378699.368062444,62811.3160760462,691.989261145323,56.5520999360641,2020608.64267641,7537132.13182402,0.0755497329557924,252.662578975686,20.6485854891554
15,0.03,0.76,0.23,372250.155224458,63207.0193140937,694.19713964631,56.4166315291574,2027055.6476359,7536736.56405438,0.0751606667711525,253.468730613359,20.5991225870836
15,0.03,0.76,0.24,366014.350746467,63615.9363855697,696.331957937458,56.2766393716998,2033289.3172956,7536327.78697506,0.0747754404785019,254.248206141915,20.5480079505919
15,0.03,0.76,0.25,359981.653452253,64038.1079725493,698.397242947051,56.1321095636198,2039319.9493048,7535905.75991789,0.0743935399952859,255.002293331042,20.4952365044167
15,0.03,0.76,0.26,354142.405425083,64473.6009837374,700.396300758424,55.983019175367,2045157.19827416,7535470.41599709,0.0740144762025849,255.73219931442,20.4407998764059
15,0.03,0.76,0.27,348487.543351328,64922.5077139832,702.332234376084,55.829336625421,2050810.1244143,7535021.66294939,0.0736377821836477,256.439057076568,20.3846865353568
15,0.03,0.76,0.28,343008.554133527,65384.9451779091,704.207958142968,55.6710218458706,2056287.23790833,7534559.38380024,0.0732630107055841,257.123930716951,20.3268818514735
15,0.03,0.76,0.29,337697.434353241,65861.0546043547,706.026212150635,55.5080264976068,2061596.53943461,7534083.43736915,0.0728897319129551,257.787820711501,20.2673681749387
15,0.03,0.76,0.3,332546.653198158,66351.0010795069,707.789574394264,55.3402940503621,2066745.55722745,7533593.65862644,0.0725175312075701,258.431668350706,20.2061248651385
15,0.03,0.76,0.31,327549.118528488,66854.9733304983,709.500472971359,55.1677599027179,2071741.38099854,7533089.8589096,0.0721460072891543,259.056360193668,20.1431283344799
15,0.03,0.76,0.32,322698.145784848,67373.1836421855,711.161196244515,54.9903513723466,2076590.69301891,7532571.82600644,0.0717747703354458,259.662731778778,20.078352044828
15,0.03,0.76,0.33,317987.429451813,67905.8679001733,712.773902989435,54.8079877119233,2081299.7966452,7532039.32411211,0.0714034403050388,260.251571329017,20.011766513316
15,0.03,0.76,0.34,313411.016877975,68453.2857590398,714.340631004192,54.6205800220597,2085874.64249102,7531492.09366094,0.071031645340294,260.823622895406,19.9433392805546
15,0.03,0.76,0.35,308963.284175749,69015.7209283299,715.86330560581,54.4280311743448,2090320.85251865,7530929.8510405,0.0706590202634966,261.379589459321,19.8730348825327
15,0.03,0.76,0.36,304638.914062369,69593.4815790938,717.343747306803,54.2302356783534,2094643.74219032,7530352.28818523,0.0702852051446072,261.920135735397,19.8008148020588
15,0.03,0.76,0.37,300432.875445249,70186.9008689638,718.783678359305,54.0270794678765,2098848.34087639,7529759.07205157,0.0699098439309746,262.445890560941,19.7266373907084
15,0.03,0.76,0.38,296340.404595904,70796.3375869267,720.184729650722,53.8184397143864,2102939.41067444,7529149.84397336,0.0695325831269297,262.95744941372,19.6504578007153
15,0.03,0.76,0.39,292356.987769679,71422.1769197885,721.548446492404,53.6041845527764,2106921.46378383,7528524.21889566,0.0691530705127053,263.455376525539,19.5722278848325
15,0.03,0.76,0.4,288478.345160624,72064.8313450068,722.876294005916,53.3841727665488,2110798.77854537,7527881.78448223,0.0687709538893684,263.94020684891,19.4918960813861
15,0.03,0.76,0.41,284700.41603674,72724.7416515587,724.169662436885,53.1582534576929,2114575.41430082,7527222.10009498,0.068385879846495,264.412447997268,19.4094072937401
15,0.03,0.76,0.42,281019.345022429,73402.3780999294,725.42987159233,52.9262656269663,2118255.22510598,7526544.69563444,0.0679974925309219,264.872581865149,19.3247027370461
15,0.03,0.76,0.43,277431.469349976,74098.2417222474,726.658175471032,52.6880377508719,2121841.87247455,7525849.07024,0.0676054324214314,265.321066318861,19.2377197837871
15,0.03,0.76,0.44,273933.307056523,74812.8657757215,727.855766201484,52.443387276148,2125338.83717727,7525134.690837,0.0672093350895212,265.758336634317,19.1483917792035
15,0.03,0.76,0.45,270521.546037927,75546.8173586642,729.023777452351,52.192120040823,2128749.43018462,7524400.99052129,0.0668088299384346,266.18480674229,19.0566478299055
15,0.03,0.76,0.46,267193.033860085,76300.6991988632,730.163288612587,51.934029713645,2132076.8028513,7523647.36677142,0.0664035389160893,266.600870754671,18.9624125991946
15,0.03,0.76,0.47,263944.768306205,77075.1516308981,731.275327512551,51.6688970786024,2135323.95636628,7522873.17947202,0.0659930751843575,267.00690395802,18.8656060458247
15,0.03,0.76,0.48,260773.888568438,77870.8547757265,732.360873450852,51.3964892907167,2138493.75055811,7522077.74873498,0.0655770417402304,267.403263918742,18.7661431522729
15,0.03,0.76,0.49,257677.667052212,78688.5309419643,733.420860328951,51.1165590768465,2141588.91208746,7521260.35249896,0.065155029973665,267.790291627608,18.6639336329336
15,0.03,0.76,0.5,254653.501740883,79528.9472690231,734.456178797604,50.8288437973327,2144612.04208032,7520420.22388718,0.0647266181511666,268.168312283475,18.5588815915011
15,0.03,0.76,0.51,251698.909062972,80392.9186344791,735.467679212449,50.5330644877855,2147565.62325782,7519556.54830103,0.0642913698146038,268.537636372446,18.4508851711027
15,0.03,0.76,0.52,248811.517247598,81281.3108541161,736.456173478371,50.2289247325965,2150452.02657892,7518668.46022115,0.0638488320762961,268.89856034129,18.3398361429893
15,0.03,0.76,0.53,245989.060104214,82195.0442030473,737.422437442358,49.9161094790776,2153273.51745834,7517755.03968747,0.0633985338000458,269.251367471141,18.2256194735482
15,0.03,0.76,0.54,243229.371227282,83135.0972948981,738.367212820529,49.5942837031198,2156032.2615599,7516815.3084214,0.062939983643771,269.596328581096,18.1081128371016
15,0.03,0.76,0.55,240530.378551315,84102.5113555475,739.291208951226,49.2630909407343,2158730.33023973,7515848.22555351,0.0624726679538541,269.933702668316,17.9871860797356
15,0.03,0.76,0.56,237890.099271298,85098.3949395478,740.195104644318,48.922151679525,2161369.70562406,7514852.68290877,0.0619960484800855,270.263737583257,17.8627006319866
15,0.03,0.76,0.57,235306.635069004,86123.9291386999,741.079549786905,48.5710615750313,2163952.28538121,7513827.49979972,0.0615095598941654,270.586670615944,17.7345088575833
15,0.03,0.76,0.58,232778.167651666,87180.3733441428,741.945166808974,48.2093894726708,2166479.88718153,7512771.41726638,0.0610126070771994,270.902729031127,17.6024533312089
15,0.03,0.76,0.59,230302.954558422,88269.0716288051,742.792552322472,47.8366752360325,2168954.25288926,7511683.09169596,0.0605045621495098,271.212130666743,17.4663660455564
15,0.03,0.76,0.6,227879.325216566,89391.4598290637,743.62227826611,47.4524273102877,2171377.05250517,7510561.08774363,0.0599847612062285,271.515084351913,17.3260675216688
15,0.03,0.76,0.61,225505.677250189,90549.0734180626,744.434893098783,47.0561200209003,2173749.88785671,7509403.87046192,0.0594525007118241,271.811790342693,17.1813658226312
15,0.03,0.76,0.62,223180.47299148,91743.5562739989,745.230923318584,46.6471905943012,2176074.2960852,7508209.79653541,0.0589070335127773,272.102440876698,17.0320554657442
15,0.03,0.76,0.63,220902.236215053,92976.6704686316,746.010874285424,46.22503578632,2178351.75291066,7506977.10449558,0.0583475644043123,272.387220473466,16.8779161914801
15,0.03,0.76,0.64,218669.549053768,94250.3072172652,746.775231405996,45.7890081416884,2180583.67571483,7505703.90377459,0.05777324519186,272.666306367114,16.718711597734
15,0.03,0.76,0.65,216481.049082758,95566.4991580217,747.524461103284,45.3384117903597,2182771.42645614,7504388.16243019,0.05718316917135,272.939868860336,16.5541876049551
15,0.03,0.76,0.66,214335.426586919,96927.4341589653,748.259011772023,44.8724977198298,2184916.31440131,7503027.69334332,0.0565763649316857,273.20807167326,16.3840707299529
15,0.03,0.76,0.67,212231.421970197,98335.4708836655,748.979314629637,44.3904584444816,2187019.59871517,7501620.13865789,0.0559517893812354,273.471072254146,16.2080661395413
15,0.03,0.76,0.68,210167.823302448,99793.1563906334,749.685784566338,43.891421982351,2189082.49091299,7500162.95218738,0.0553083198712791,273.729022089784,16.0258554513059
15,0.03,0.76,0.69,208143.464011625,101303.246095075,750.378820938045,43.3744450199873,2191106.15716744,7498653.3794599,0.0546447452630458,273.982066995004,15.8370942379229
15,0.03,0.76,0.7,206157.220688804,102868.726482653,751.058808394648,42.8385051413838,2193091.7205028,7497088.43501221,0.0539597557656172,274.230347415096,15.6414091897478
15,0.03,0.76,0.71,204208.011008761,104492.841045532,751.726117420812,42.2824919391563,2195040.26287382,7495464.87646253,0.0532519313275951,274.473998623274,15.4383948692844
15,0.03,0.76,0.72,202294.791757281,106179.120007307,752.381105187526,41.7051968480882,2196952.82713753,7493779.17479585,0.052519728323204,274.713151031596,15.2276099991582
15,0.03,0.76,0.73,200416.556954456,107931.414524701,753.024116068335,41.105301429225,2198830.41892948,7492027.48017387,0.0517614642192137,274.947930379451,15.0085731843458
15,0.03,0.76,0.74,198572.336067002,109753.936204897,753.655482345301,40.4813638462701,2200674.00845065,7490205.58243126,0.0509752998370569,275.178457991328,14.7807579743694
15,0.03,0.76,0.75,196761.192302225,111651.302969897,754.27552471554,39.8318031598445,2202484.53217306,7488308.86522694,0.0501592187373633,275.404850961762,14.5435871287382
15,0.03,0.76,0.76,194982.220975775,113628.592541491,754.884552901702,39.1548810197134,2204262.89447132,7486332.25257749,0.0493110031404164,275.627222378234,14.2964259323228
15,0.03,0.76,0.77,193234.547945279,115691.405133052,755.482866160772,38.4486802009556,2206009.96918856,7484270.14618675,0.0484282056521757,275.845681506952,14.0385743583739
15,0.03,0.76,0.78,191517.328102946,117845.937337108,756.070753816198,37.7110793094461,2207726.60114324,7482116.35158358,0.0475081158773219,276.060333987139,13.7692578328615
15,0.03,0.76,0.79,189829.743918122,120099.069723265,756.648495748663,36.9397227924421,2209413.60758613,7479863.99055394,0.0465477207566795,276.271282010231,13.4876162845904
15,0.03,0.76,0.8,188171.004021518,122458.471352946,757.216362881985,36.1319851581787,2211071.7796156,7477505.3966619,0.0455436571430908,276.478624497285,13.19269108088
15,0.03,0.76,0.81,186540.341821353,124932.725338148,757.77461765783,35.2849279910467,2212701.88356099,7475031.98973386,0.0444921546996534,276.682457272315,12.8834093327309
15,0.03,0.76,0.82,184937.014140533,127531.480810001,758.323514501709,34.3952479253675,2214304.66234497,7472434.12394207,0.0433889666242529,276.882873232436,12.5585648987498
15,0.03,0.76,0.83,183360.299862137,130265.638349966,758.863300286833,33.4592131633125,2215880.83683758,7469700.90243687,0.0422292849128007,277.07996251723,12.2167952062545
15,0.03,0.76,0.84,181809.498567899,133147.578264522,759.394214800455,32.4725853253919,2217431.1072173,7466819.94915015,0.0410076357794407,277.273812679016,11.8565527169337
15,0.03,0.76,0.85,180283.929150778,136191.444344188,759.916491218495,31.4305223059946,2218956.154358,7463777.12513351,0.0397177493170914,277.464508856153,11.4760694569763
15,0.03,0.76,0.86,178782.928377552,139413.500384323,760.430356597896,30.3274562189922,2220456.64126585,7460556.17215946,0.0383523952940254,277.652133952807,11.0733124519595
15,0.03,0.76,0.87,177305.849369999,142832.583457225,760.936032396436,29.1569382207384,2221933.2145976,7457138.25960455,0.0369031738099919,277.836768828749,10.6459270678471
15,0.03,0.76,0.88,175852.059962545,146470.687828591,761.433735035082,27.9114386071249,2223386.50630242,7453501.4007328,0.0353602448448954,278.018492504684,10.1911640214265
15,0.03,0.76,0.89,174420.940878427,150353.728342457,761.923676522279,26.58208546989,2224817.13544505,7449619.68957207,0.0337119736483981,278.197382390197,9.70578395719361
15,0.03,0.76,0.9,173011.88364248,154512.555154362,762.406065168614,25.1583173042185,2226225.71029235,7445462.28652833,0.0319444579568533,278.37351454469,9.1859306057028
15,0.03,0.76,0.91,171624.288111713,158984.328271007,762.881106432142,23.6274124371519,2227612.83078185,7440992.04431656,0.0300408855979326,278.546963986036,8.62695896611507
15,0.03,0.76,0.92,170257.559445868,163814.420198738,763.349003955541,21.9738376586739,2228979.09155018,7436163.6059636,0.0279806424750197,278.717805069267,8.02319747512329
15,0.03,0.76,0.93,168911.104243162,169059.116428697,763.809960889022,20.1783237146029,2230325.08579595,7430920.70524759,0.025738042405576,278.886111969604,7.36761044629438
15,0.03,0.76,0.94,167584.325400342,174789.562567058,764.264181650003,18.2165140123351,2231651.41041801,7425192.22091893,0.0232804644425325,279.051959324957,6.65130467875387
15,0.03,0.76,0.95,166276.614958361,181097.738700867,764.711874372359,16.0569193048949,2232958.67316727,7418886.20437983,0.0205655239232478,279.215423130208,5.86278266119976
15,0.03,0.76,0.96,164987.343630717,188105.892654753,765.153254491367,13.6576882285052,2234247.50311479,7411880.44965702,0.0175365900494515,279.37658204616,4.98676341443298
15,0.03,0.76,0.97,163715.844567149,195982.234038022,765.588550302253,10.9612344606417,2235518.56688255,7404006.80472752,0.0141153016531819,279.53551942911,4.00222073244182
15,0.03,0.76,0.98,162461.386379336,204968.838524354,766.018012194693,7.88468370290372,2236772.59560847,7395023.27679194,0.0101882106687312,279.692326702587,2.87889513702272
15,0.03,0.76,0.99,161223.124231793,215435.806949478,766.441929396865,4.30133223159232,2238010.43383881,7384559.89171829,0.0055807587892553,279.84710947103,1.57052393106014
15,0.03,0.86,0,562927.221725694,103739.445146592,286.57061830133,52.8108710869593,836786.207656004,8496207.74398232,0.155609167671894,104.634097007273,19.282569305626
15,0.03,0.86,0.01,537715.507936601,102628.171873465,295.201813013427,53.1913142078795,861989.290250386,8497318.63681233,0.152676129498075,107.785561976528,19.421478600152
15,0.03,0.86,0.02,514468.928590278,101696.977707096,303.160244052986,53.5101070015089,885227.911165669,8498249.51218591,0.150026787601791,110.691384109847,19.5378778189259
15,0.03,0.86,0.03,492996.401763807,100920.816092452,310.511330897587,53.7758246451602,906693.086905296,8499025.40808291,0.147619326750734,113.375449693981,19.6348979735641
15,0.03,0.86,0.04,473124.646993939,100278.970516635,317.314396932319,53.9955595882497,926558.038609128,8499667.03392378,0.145419099703723,115.859419179913,19.7151286946597
15,0.03,0.86,0.05,454697.865663238,99754.2390708563,323.622778018528,54.1752006065861,944978.511558744,8500191.58572854,0.143397274923865,118.162766824015,19.7807201214797
15,0.03,0.86,0.06,437576.710549196,99332.2756892132,329.484179914307,54.3196591317947,962093.80527089,8500613.40465166,0.141529744118245,120.302911191211,19.8334655404965
15,0.03,0.86,0.07,421636.922617134,99001.0611107155,334.941142529964,54.433049942093,978028.136240336,8500944.50583934,0.139796244832018,122.295384666253,19.8748673601067
15,0.03,0.86,0.08,406767.858158576,98750.478869608,340.031544595432,54.5188363977364,992892.110296829,8501195.002294,0.138179657210064,124.154017720407,19.9061901397235
15,0.03,0.86,0.09,392871.03309498,98571.9753486519,344.789101991431,54.5799468173209,1006784.17780303,8501373.44470453,0.136665440098884,125.891120864621,19.9285030816743
15,0.03,0.86,0.1,379858.751751413,98458.2866765979,349.243837158349,54.6188679690597,1019792.00441143,8501487.09445543,0.135241177943947,127.517656042442,19.9427141672029
15,0.03,0.86,0.11,367652.851735244,98403.2186471305,353.422508801279,54.6377204191366,1031993.72575595,8501542.14363245,0.133896215574647,129.043393526067,19.9495976680372
15,0.03,0.86,0.12,356183.575757989,98401.4687106717,357.348998348391,54.6383195066997,1043459.07524366,8501543.89296982,0.132621362694271,130.477053021956,19.9498164098837
15,0.03,0.86,0.13,345388.569292846,98448.4813883696,361.044652757167,54.6222247899048,1054250.3860544,8501496.89638684,0.131408653757164,131.826428837961,19.943939826414
15,0.03,0.86,0.14,335211.996825924,98540.3303256467,364.528587210932,54.5907804466986,1064423.47458687,8501405.07889391,0.130251151961301,133.098500405392,19.9324587106008
15,0.03,0.86,0.15,325603.766380918,98673.6216368588,367.817950544617,54.5451483572891,1074028.41566854,8501271.83321478,0.129142788513248,134.299529192603,19.9157972939552
15,0.03,0.86,0.16,316518.851101551,98845.4143481607,370.928157801248,54.4863353842389,1083110.22074065,8501100.09931645,0.128078230189685,135.435143617181,19.8943232071702
15,0.03,0.86,0.17,307916.69665441,99053.1546174415,373.873092558795,54.4152158115363,1091709.43025303,8500892.43016675,0.127052769706906,136.51041292053,19.8683556731872
15,0.03,0.86,0.18,299760.703956253,99294.6211146945,376.665284524966,54.3325501175072,1099862.63075922,8500651.04633519,0.126062234541336,137.529912012178,19.8381723616548
15,0.03,0.86,0.19,292017.777575984,99567.8794732526,379.316063850714,54.2390005267797,1107602.90636017,8500377.88152622,0.125102910756347,138.497777813492,19.8040150673405
15,0.03,0.86,0.2,284657.931275085,99871.2441580251,381.835696269697,54.1351440784387,1114960.23302865,8500074.6206979,0.124171479072339,139.417758600473,19.7660944816399
15,0.03,0.86,0.21,277653.943103203,100203.24641861,384.233501180161,54.0214835976283,1121961.82339562,8499742.73209779,0.123264960979324,140.293257118406,19.724594198584
15,0.03,0.86,0.22,270981.053447529,100562.607259852,386.517954993346,53.8984569454029,1128632.42859748,8499383.4942832,0.122380673118282,141.127368316946,19.6796740921902
15,0.03,0.86,0.23,264616.700289775,100948.214566417,388.696781832909,53.7664448603737,1134994.60292839,8498998.01898872,0.1215161885027,141.922912466741,19.631473179644
15,0.03,0.86,0.24,258540.286743769,101359.103687557,390.777032967281,53.6257775824545,1141068.93622326,8498587.27053486,0.120669303409936,142.682464162178,19.5801120397937
15,0.03,0.86,0.25,252732.976541194,101794.440906405,392.765156953239,53.476740532049,1146874.25830185,8498152.08235306,0.119838009011272,143.408377932552,19.5256948867644
15,0.03,0.86,0.26,247177.513827654,102253.509336399,394.667061361011,53.3195791415085,1152427.81911099,8497693.17108446,0.119020466953431,144.102810779439,19.4683113340433
15,0.03,0.86,0.27,241858.064061641,102735.69685962,396.488167065376,53.1545029608324,1157745.44777129,8497211.14863742,0.118214988265536,144.767741999746,19.4080378935739
15,0.03,0.86,0.28,236760.073298662,103240.485796,398.23345658313,52.981689216276,1162841.69324476,8496706.53251478,0.117420015062681,145.404990834915,19.3449392750928
15,0.03,0.86,0.29,231870.143490458,103767.444042569,399.907516788752,52.8012858479022,1167729.94899275,8496179.75467158,0.116634104617313,146.016232067493,19.2790694952153
15,0.03,0.86,0.3,227175.92179675,104316.217472078,401.51457660106,52.6134140821627,1172422.56362665,8495631.16911384,0.115855915428176,146.603009781462,19.2104728167497
15,0.03,0.86,0.31,222666.002110884,104886.523406739,403.058540866635,52.4181706917538,1176930.93934825,8495061.05842257,0.115084195001777,147.16674973393,19.1391845738266
15,0.03,0.86,0.32,218329.837337958,105478.145025635,404.543020428717,52.2156299130641,1181265.61964161,8494469.63934445,0.114317769075621,147.708770334035,19.0652318720075
15,0.03,0.86,0.33,214157.6610809,106090.926577276,405.971358750106,52.0058450605279,1185436.36756035,8493857.06757766,0.11355553208284,148.230292363632,18.9886341777253
15,0.03,0.86,0.34,210140.417601911,106724.769294141,407.346656066869,51.7888499493603,1189452.23574202,8493223.44185591,0.112796438678236,148.732447796416,18.9094038377602
15,0.03,0.86,0.35,206269.699087011,107379.627924039,408.67179079102,51.5646600732598,1193321.6291222,8492568.80741589,0.112039496168603,149.216287612571,18.827546509249
15,0.03,0.86,0.36,202537.68935436,108055.507805214,409.949438775146,51.3332736039918,1197052.36120686,8491893.15892118,0.111283757718195,149.682788832775,18.7430615246575
15,0.03,0.86,0.37,198937.113252436,108752.462423289,411.182090631462,51.0946722271459,1200651.70465693,8491196.44290449,0.110528316221626,150.132860841812,18.6559421969366
15,0.03,0.86,0.38,195461.191094656,109470.591398819,412.372067414071,50.848821842845,1204126.43683793,8490478.55977934,0.109772298750203,150.567351114563,18.5661760753688
15,0.03,0.86,0.39,192103.597579897,110210.038865254,413.521534537571,50.5956731019302,1207482.88088557,8489739.36546164,0.109014861481348,150.987050298031,18.4737451413423
15,0.03,0.86,0.4,188858.424684475,110970.992200051,414.632514641031,50.3351618601892,1210726.94280088,8488978.67263809,0.108255185046303,151.392696908306,18.3786259742016
15,0.03,0.86,0.41,185720.148090776,111753.681080204,415.70689899114,50.0672094914968,1213864.14501023,8488196.2517103,0.107492470233268,151.78498149414,18.2807898655828
15,0.03,0.86,0.42,182683.596782419,112558.37684035,416.746457820733,49.7917230978451,1216899.65675976,8487391.83143655,0.106725933984243,152.164550411795,18.1802028961007
15,0.03,0.86,0.43,179743.925451163,113385.392112606,417.752849904624,49.508595648909,1219838.32169893,8486565.09929175,0.105954805644749,152.532009321426,18.0768259863079
15,0.03,0.86,0.44,176896.589429302,114235.080735026,418.727631132496,49.2177060119011,1222684.68293957,8485715.70155896,0.105178323417536,152.887926317252,17.9706149075954
15,0.03,0.86,0.45,174137.321875952,115107.83791713,419.67226230275,48.9189188943417,1225443.00586175,8484843.24316398,0.104395730985313,153.232834773292,17.8615202612965
15,0.03,0.86,0.46,171462.11300838,116004.100658054,420.588116049842,48.6120846766027,1228117.29887557,8483947.28725727,0.103606274254228,153.567235872698,17.7494874175446
15,0.03,0.86,0.47,168867.191131182,116924.34840876,421.476483716682,48.29703923272,1230711.3323851,8483027.35455201,0.102809198205753,153.891601117054,17.6344564498469
15,0.03,0.86,0.48,166349.005328853,117869.103983361,422.338580865005,47.9736035676371,1233228.65609028,8482082.92241307,0.102003743801598,154.206374338335,17.5163620026335
15,0.03,0.86,0.49,163904.209623673,118838.934717672,423.175553045471,47.6415834612089,1235672.61482328,8481113.42369887,0.101189144929377,154.511973805728,17.3951331612739
15,0.03,0.86,0.5,161529.648466848,119834.453882022,423.988480478816,47.3007689531601,1238046.36305267,8480118.24534902,0.100364625355171,154.808793934828,17.2706932640226
15,0.03,0.86,0.51,159222.343444813,120856.322357876,424.778382943617,46.9509338052115,1240352.87817224,8479096.72670832,0.0995293956474842,155.097207072288,17.1429597056279
15,0.03,0.86,0.52,156979.481068412,121905.2505882,425.546223549512,46.5918347888239,1242594.97270804,8478048.15757701,0.0986826500553702,155.377564873515,17.0118436772693
15,0.03,0.86,0.53,154798.401552964,122982.000817402,426.292912861418,46.2232109500939,1244775.30553418,8476971.77597165,0.0978235633045455,155.650199808525,16.877249898153
15,0.03,0.86,0.54,152676.588498036,124087.389639797,427.019312401612,45.8447827329602,1246896.39218956,8475866.76557747,0.0969512872824765,155.915426440639,16.7390762953721
15,0.03,0.86,0.55,150611.659377912,125222.290878161,427.726237803525,45.4562509833471,1248960.61438428,8474732.25287086,0.0960649475847811,156.173542578012,16.5972136402946
15,0.03,0.86,0.56,148601.356776145,126387.638819714,428.414461901148,45.0572958505516,1250970.22876195,8473567.30388444,0.0951636398853186,156.424830401657,16.4515451474326
15,0.03,0.86,0.57,146643.540293615,127584.431840788,429.084717463013,44.6475755425484,1252927.37498892,8472370.92058367,0.0942464260970789,156.669557463683,16.301946019973
15,0.03,0.86,0.58,144736.179072407,128813.736456814,429.737699736468,44.2267249377703,1254834.08322786,8471142.03681825,0.0933123302833707,156.907977616278,16.1482829429034
15,0.03,0.86,0.59,142877.344878209,130076.691840337,430.374068850584,43.7943540427722,1256692.28105294,8469879.51380562,0.092360334278569,157.140331889069,15.9904135198672
15,0.03,0.86,0.6,141065.205702719,131374.514857734,430.994452007052,43.3500462663231,1258503.79984527,8468582.135096,0.0913893729644136,157.366849289075,15.8281856429912
15,0.03,0.86,0.61,139298.019825563,132708.5056808,431.599445463244,42.8933564948623,1260270.38072897,8467248.60096271,0.0903983291587411,157.587747524767,15.6614367901866
15,0.03,0.86,0.62,137574.130311951,134080.054041724,432.189616458717,42.4238089548792,1261993.68007159,8465877.52214932,0.0893860280456869,157.803233709489,15.4899932446503
15,0.03,0.86,0.63,135891.959902887,135490.646208587,432.765505001782,41.9408948280551,1263675.27459211,8464467.41289658,0.0883512310832321,158.013505013776,15.3136692240936
15,0.03,0.86,0.64,134250.006263977,136941.872772167,433.327625376447,41.4440695743878,1265316.66611065,8463016.68315826,0.0872926293103457,158.218749215575,15.1322659033483
15,0.03,0.86,0.65,132646.837567576,138435.43734939,433.87646779819,40.9327499661474,1266919.28596463,8461523.62990064,0.0862088359591696,158.419145304814,14.9455703313896
15,0.03,0.86,0.66,131081.088378228,139973.16632696,434.412499698097,40.406310740392,1268484.49912207,8459986.4273623,0.0850983782699705,158.614863952268,14.7533542090856
15,0.03,0.86,0.67,129551.455818428,141557.01978896,434.936167127125,39.8640808664014,1270013.60801444,8458403.11613017,0.0839596883844612,158.806068022292,14.5553725263448
15,0.03,0.86,0.68,128056.69599153,143189.103798639,435.447895928719,39.3053393362965,1271507.85611254,8456771.59086202,0.0827910931757119,158.992913000973,14.3513620251653
15,0.03,0.86,0.69,126595.620641657,144871.684233403,435.948092899137,38.7293104301907,1272968.43126544,8455089.58645617,0.0815908028453601,159.175547419798,14.1410394708234
15,0.03,0.86,0.7,125167.0940321,146607.202409966,436.437146856518,38.1351583670096,1274396.46882104,8453354.66243167,0.0803568980896338,159.354113245986,13.9240996987544
15,0.03,0.86,0.71,123770.030024991,148398.292779976,436.915429638705,37.5219812461493,1275793.05454537,8451564.18523878,0.0790873155980017,159.528746246832,13.7002134025003
15,0.03,0.86,0.72,122403.389346187,150247.803031193,437.383297039891,36.8888041659631,1277159.22735677,8449715.30816464,0.07777983160336,159.69957633169,13.4690246210973
15,0.03,0.86,0.73,121066.177021278,152158.81699549,437.841089688088,36.2345713812097,1278495.98188903,8447804.94843313,0.0764320431457737,159.866727872363,13.2301478755642
15,0.03,0.86,0.74,119757.439969104,154134.68084701,438.289133868852,35.5581373341262,1279804.27089703,8445829.76101566,0.0750413466428816,160.030320003865,12.9831648941228
15,0.03,0.86,0.75,118476.264740375,156179.033175736,438.727742300452,34.858256358868,1281085.00751732,8443786.1085679,0.0736049132735103,160.190466907453,12.7276208530317
15,0.03,0.86,0.76,117221.77538984,158295.839648989,439.157214861408,34.1335708151349,1282339.0673953,8441670.0267802,0.0721196605726073,160.347278076272,12.4630200438761
15,0.03,0.86,0.77,115993.131471141,160489.433133633,439.577839277254,33.3825973524025,1283567.29068958,8439477.18426901,0.0705822194987149,160.500858566107,12.1888208582959
15,0.03,0.86,0.78,114789.526144116,162764.560355043,439.989891768526,32.6037109363069,1284770.48396412,8437202.83593402,0.0689888960614436,160.651309231983,11.9044299556191
15,0.03,0.86,0.79,113610.184384786,165126.436428288,440.393637663545,31.7951261799781,1285949.42197755,8434841.76844553,0.0673356263735971,160.798726951902,11.6091954464645
15,0.03,0.86,0.8,112454.361288648,167580.808931533,440.789331979237,30.9548754085817,1287104.84937937,8432388.23619306,0.0656179237048561,160.943204838919,11.3023988835584
15,0.03,0.86,0.81,111321.340458055,170134.033626351,441.177219973278,30.0807827366141,1288237.48232197,8429835.88559091,0.0638308157392329,161.084832442743,10.9832457967062
15,0.03,0.86,0.82,110210.43246455,172793.16449977,441.557537670472,29.1704332421257,1289348.00999778,8427177.66506699,0.0619687697452376,161.223695941931,10.6508544375311
15,0.03,0.86,0.83,109120.973376801,175566.061559073,441.930512366727,28.2211360633095,1290437.09611083,8424405.71730486,0.0600256027125451,161.359878327901,10.3042423051159
15,0.03,0.86,0.84,108052.323344393,178461.520823758,442.296363113864,27.2298798959922,1291505.38029249,8421511.24929634,0.0579943726285404,161.49345958195,9.94230989702416
15,0.03,0.86,0.85,107003.865226927,181489.432333146,442.655301189003,26.1932788999584,1292553.47947188,8418484.37438795,0.0558672458706995,161.624516846635,9.5638209583473
15,0.03,0.86,0.86,105975.003256653,184660.973876786,443.007530552328,25.107506375533,1293581.98921279,8415313.91861684,0.053635334041624,161.753124592919,9.16737826536647
15,0.03,0.86,0.87,104965.161720978,187988.850787489,443.353248298192,23.9682126710004,1294591.48503072,8411987.18099984,0.0512884912695685,161.879354784877,8.75139365149903
15,0.03,0.86,0.88,103973.783648447,191487.595859524,443.692645104951,22.7704225058067,1295582.52370645,8408489.63371797,0.0488150597268883,162.003277043945,8.31405051743267
15,0.03,0.86,0.89,103000.329477655,195173.948819552,444.025905690639,21.5084050593131,1296555.64461665,8404804.54277539,0.0462015464008747,162.124958815294,7.8532563972817
15,0.03,0.86,0.9,102044.275682531,199067.342641129,444.353209283624,20.1755074819135,1297511.37110819,8400912.48185139,0.0434322072107692,162.244465539683,7.36658216933369
15,0.03,0.86,0.91,101105.113318343,203190.535772643,444.67473012039,18.7639384523052,1298450.21195154,8396790.7002889,0.0404885041425106,162.361860835207,6.85118302739793
15,0.03,0.86,0.92,100182.346439014,207570.447410244,444.99063798733,17.2644822231034,1299372.662923,8392412.28810753,0.0373483850546512,162.477206695124,6.30369407171061
15,0.03,0.86,0.93,99275.4903148808,212239.281362948,445.301098830923,15.66611386699,1300279.20858629,8387745.05252319,0.0339853105284876,162.590563710641,5.72008982568472
15,0.03,0.86,0.94,98384.069345863,217236.070130853,445.606275472149,13.9554706628932,1301170.32437866,8382749.97439848,0.0303669110413564,162.701991331768,5.09549122578889
15,0.03,0.86,0.95,97507.6145086771,222608.848096955,445.906328480434,12.1161081045321,1302046.47916284,8377379.03579494,0.0264530886191304,162.811548186418,4.4238939716673
15,0.03,0.86,0.96,96645.6600804324,228417.797565781,446.201417295309,10.1274228551213,1302908.13850227,8371572.07501136,0.0221932561873204,162.91929248995,3.69777526997615
15,0.03,0.86,0.97,95797.7392088042,234739.957690458,446.491701742976,7.96304063764156,1303755.76908945,8365252.0792689,0.0175221862487955,163.025282598904,2.90750521281887
15,0.03,0.86,0.98,94963.3775743199,241676.561758808,446.777344205994,5.58830429038976,1304589.84508147,8358317.8499369,0.012353511609391,163.129577803213,2.04042960402856
15,0.03,0.86,0.99,94142.0837369345,249365.048723716,447.058512928134,2.95616151443374,1305410.85775014,8350631.99511477,0.00656903359450562,163.232239532885,1.07936847295762
15,0.03,0.95,0,424633.319743985,242040.992254078,25.7902843682516,14.7004620899038,75340.8899716381,9257944.307284,0.363057324840771,9.4166775799577,5.36750622057604
15,0.03,0.95,0.01,391577.074203716,228870.226584746,37.1415292903014,19.2279062011655,108385.784266985,9271110.54550911,0.341105175766328,13.5613008821213,7.02058925170054
15,0.03,0.95,0.02,360696.131266671,218436.373986609,47.6826268916407,22.7842206502334,139256.186106441,9281540.84179279,0.323332481088985,17.4101191438102,8.31908856491642
15,0.03,0.95,0.03,332726.146822318,210218.372158468,57.2710623187452,25.6036648332277,167216.582115365,9289756.0241767,0.308944182540433,20.9110966291318,9.34853812223226
15,0.03,0.95,0.04,307795.203557545,203725.092684464,65.802399912509,27.8249288541811,192138.994042544,9296247.0823867,0.29718810971867,24.0261012680548,10.1595771478829
15,0.03,0.95,0.05,285725.3482086,198558.578886561,73.3565221844707,29.593054574879,214201.295269216,9301411.82805887,0.287451930414968,26.7843001626049,10.8051640516527
15,0.03,0.95,0.06,266216.376441103,194414.136149009,80.0356762183011,31.0120126183293,233703.587882679,9305554.85183838,0.279267519596496,29.2230262792072,11.3232611072675
15,0.03,0.95,0.07,248944.59286202,191064.217081897,85.9483621851402,32.1587442481932,250969.458775795,9308903.62417387,0.272284583200296,31.3818957428493,11.7419614936215
15,0.03,0.95,0.08,233605.046296497,188339.272696358,91.1999375309312,33.0916638466924,266303.753765973,9311627.63563977,0.26624215538227,33.2993771909813,12.0825937620236
15,0.03,0.95,0.09,219927.523528629,186112.359272214,95.8823979445248,33.8540374377356,279976.594073427,9313853.78669034,0.260944717172063,35.0090605494947,12.3609554194532
15,0.03,0.95,0.1,207679.477923029,184287.512911058,100.075492484838,34.4787689787014,292220.446584487,9315678.00831996,0.256244347846569,36.5400641935266,12.5890605233484
15,0.03,0.95,0.11,196663.572352905,182791.35482505,103.846773393504,34.9909771639913,303232.580873701,9317173.65419778,0.252027831216561,37.917053135303,12.7760805370023
15,0.03,0.95,0.12,186713.346796202,181567.101352865,107.253218775226,35.4100986869557,313179.399985023,9318397.48854844,0.248207453162181,39.1608315053043,12.9291122830747
15,0.03,0.95,0.13,177688.592571082,180570.290899379,110.342830467841,35.7513554325065,322201.06459845,9319393.95774519,0.244714430024565,40.2889259745705,13.0537136522939
15,0.03,0.95,0.14,169471.071340936,179765.714755444,113.156086485918,36.0268008328002,330415.772572578,9320198.25844372,0.241494191996912,41.3161160781707,13.1542856540762
15,0.03,0.95,0.15,161960.801004711,179125.193817239,115.727216361069,36.246082225506,337923.471778928,9320838.56010053,0.238502964419487,42.2548998738354,13.2343507725879
15,0.03,0.95,0.16,155072.931701962,178625.950640022,118.085268160363,36.416997384152,344808.983029878,9321337.63236259,0.235705264617363,43.1158835370524,13.2967561698885
15,0.03,0.95,0.17,148735.160823669,178249.404305642,120.254994583903,36.545907461503,351144.584181747,9321714.0497869,0.233072048596507,43.9081048974476,13.3438244618813
15,0.03,0.95,0.18,142885.611028567,177980.268384606,122.257579238037,36.6380457411967,356992.131392195,9321983.09356965,0.230579323665992,44.6392986192882,13.3774664512544
15,0.03,0.95,0.19,137471.093921982,177805.86845059,124.111231116825,36.6977513022412,362404.794846901,9322157.43379811,0.228207098572437,45.3161132615308,13.3992664442308
15,0.03,0.95,0.2,132445.689761803,177715.620330527,125.831670739402,36.7286476093008,367428.478567458,9322247.65102186,0.225938580721251,45.9442887787243,13.4105474583459
15,0.03,0.95,0.21,127769.583942836,177700.627270712,127.432528611486,36.7337804635331,372102.983528553,9322262.63894883,0.223759556211664,46.5288020092688,13.4124215917475
15,0.03,0.95,0.22,123408.111369032,177753.365993564,128.925672239933,36.715725436854,376462.962958729,9322209.918281,0.22165790648843,47.0739860766055,13.4058292501313
15,0.03,0.95,0.23,119330.968954566,177867.439850575,130.321475873745,36.6766724219443,380538.709569561,9322095.883477,0.219623228139057,47.5836288784012,13.3915700180624
15,0.03,0.95,0.24,115511.564265652,178037.383110087,131.629043397872,36.618492604756,384356.806690951,9321925.99839731,0.217646531264411,48.061054470648,13.3703271123115
15,0.03,0.95,0.25,111926.474615443,178258.504561566,132.856393481502,36.5427919997935,387940.668991076,9321704.95264643,0.215719998274893,48.5091906699335,13.3426869289246
15,0.03,0.95,0.26,108554.99605564,178526.761615361,134.010614147253,36.4509545973592,391310.993330213,9321436.78743004,0.213836789522749,48.9306254905157,13.3091547973608
15,0.03,0.95,0.27,105378.7657659,178838.658244195,135.09799186008,36.344177252023,394486.136242241,9321124.99757855,0.21199088555779,49.3276542779116,13.2701677191449
15,0.03,0.95,0.28,102381.444606339,179191.161712736,136.12412029165,36.2234982133776,397482.431273369,9320772.61478905,0.210176958217272,49.7023194214888,13.2261047851595
15,0.03,0.95,0.29,99548.4491604549,179581.634217458,137.09399207611,36.0898205361687,400314.456847469,9320382.275962,0.208390264608426,50.0564438567895,13.1772957232686
15,0.03,0.95,0.3,96866.7246730403,180007.77644804,138.01207645227,35.9439313759271,402995.263250508,9319956.27962058,0.206626559350719,50.3916594146351,13.1240279436354
15,0.03,0.95,0.31,94324.5518885939,180467.580737266,138.882385529102,35.7865180650018,405536.565725877,9319496.63274467,0.204882021519771,50.7094310163132,13.0665524084838
15,0.03,0.95,0.32,91911.3821246336,180959.291977176,139.708530594997,35.6181814517614,407948.909344772,9319005.08984137,0.20315319346354,51.0110772334981,13.0050885025744
15,0.03,0.95,0.33,89617.6959332559,181481.374858732,140.493770648002,35.4394471550641,410241.810296096,9318483.18569411,0.201436929294012,51.2977880078516,12.9398281424928
15,0.03,0.95,0.34,87434.8815674071,182032.486295688,141.241053887037,35.2507749733803,412423.877378706,9317932.26292934,0.199730351263226,51.5706398005042,12.8709392121555
15,0.03,0.95,0.35,85355.1301125353,182611.452116091,141.953053700852,35.0525668870799,414502.916833764,9317353.49531702,0.198030812641154,51.8306087325235,12.798568484645
15,0.03,0.95,0.36,83371.3447076839,183217.24728934,142.632199698785,34.8451738162992,416486.023092618,9316747.90753684,0.196335865953852,52.0785819150187,12.7228440896763
15,0.03,0.95,0.37,81477.0617195099,183848.979097162,143.280704647258,34.6289013697683,418379.657575843,9316116.39200146,0.194643235657855,52.3153672843302,12.6438776126366
15,0.03,0.95,0.38,79666.3820826427,184505.872765804,143.90058812795,34.4040148016197,420189.71732923,9315459.72321939,0.1929507945188,52.5417022402178,12.5617659044414
15,0.03,0.95,0.39,77933.9113286962,185187.259169742,144.493696911507,34.1707431811799,421921.594974393,9314778.57008708,0.191256543067288,52.7582610848142,12.4765926040283
15,0.03,0.95,0.4,76274.7070469135,185892.564282164,145.06172303174,33.9292830274304,423580.231230055,9314073.50643481,0.189558591654679,52.9656616219641,12.3884294653905
15,0.03,0.95,0.41,74684.2327407309,186621.300110859,145.60621952676,33.67980139822,425170.161039743,9313345.02008774,0.187855144670275,53.1644709047081,12.2973374855251
15,0.03,0.95,0.42,73158.3171914253,187373.056899191,146.12861444649,33.4224385820626,426695.554194129,9312593.52066223,0.186144486586484,53.3552103497748,12.2033678872756
15,0.03,0.95,0.43,71693.1185802981,188147.496411503,146.63022301617,33.1573103700922,428160.251196686,9311819.34627813,0.184424969549227,53.5383601787792,12.1065629488799
15,0.03,0.95,0.44,70285.092740696,188944.346152801,147.112258557899,32.8845100459983,429567.795000746,9311022.76933715,0.182695002255092,53.714363405953,12.0069567305451
15,0.03,0.95,0.45,68930.9649901709,189763.394395291,147.575842176251,32.6041100998711,430921.459167653,9310204.00149461,0.180953039935907,53.8836293746038,11.9045757002154
15,0.03,0.95,0.46,67627.7050931257,190604.48590949,148.022011266806,32.3161636737614,432224.272895608,9309363.19792684,0.179197575246681,54.0465368637926,11.7994392613821
15,0.03,0.95,0.47,66372.5049483199,191467.518309467,148.451727161821,32.0207058157761,433479.043324519,9308500.46098472,0.177427129935967,54.2034368799598,11.6915602109852
15,0.03,0.95,0.48,65162.7586687493,192352.438939564,148.865882004457,31.7177545570232,434688.375449247,9307615.84330588,0.175640247150659,54.3546551668774,11.5809451326331
15,0.03,0.95,0.49,63996.044757605,193259.242240594,149.265304774525,31.4073117974395,435854.689937621,9306709.35044761,0.173835484277328,54.5004944057985,11.4675947200401
15,0.03,0.95,0.5,62870.110131768,194187.96754362,149.650766818037,31.0893640731696,436980.239101414,9305780.94309231,0.172011406209965,54.6412362344358,11.3515040572161
15,0.03,0.95,0.51,61782.8557699767,195138.69724821,150.022986727674,30.7638831743062,438067.121243296,9304830.53886861,0.170166578972166,54.7771430289421,11.2326628440185
15,0.03,0.95,0.52,60732.3238013258,196111.555348094,150.38263478321,30.4308266526989,439117.293563891,9303858.01382525,0.168299563600166,54.9084595252196,11.1110555815667
15,0.03,0.95,0.53,59716.6858648219,197106.706276214,150.730336918,30.0901382143533,440132.583798261,9302863.20358557,0.166408910231701,55.0354142671846,10.9866617155158
15,0.03,0.95,0.54,58734.2325993619,198124.354042781,151.066678329372,29.7417480168156,441114.700722309,9301845.9042092,0.164493152326154,55.158220925012,10.8594557446398
15,0.03,0.95,0.55,57783.3641377302,199164.741647723,151.392206730887,29.385572869546,442065.243655539,9300805.8727794,0.16255080095848,55.2770794826151,10.729407293993
15,0.03,0.95,0.56,56862.5814941747,200228.150752107,151.707435298098,29.0215163463757,442985.711070528,9299742.82773155,0.160580339133856,55.3921773132179,10.5964811559704
15,0.03,0.95,0.57,55970.4787504078,201314.901596176,152.012845344085,28.6494688133441,443877.508404249,9298656.44893501,0.158580216061989,55.5036901562591,10.4606373004723
15,0.03,0.95,0.58,55105.735954433,202425.353156399,152.308888752319,28.2693073753558,444741.955156815,9297546.37753623,0.156548841341667,55.6117830056904,10.3218308554268
15,0.03,0.95,0.59,54267.1126578885,203559.9035362,152.595990188965,27.8808957423822,445580.291351923,9296412.21556806,0.15448457900026,55.7166109177459,10.1800120579373
15,0.03,0.95,0.6,53453.4420261359,204718.990588738,152.874549118079,27.4840840160604,446393.683424746,9295253.52532724,0.152385741333598,55.8183197467387,10.0351261763641
15,0.03,0.95,0.61,52663.6254626975,205903.092772326,153.144941642348,27.0787083968893,447183.229595661,9294069.82851928,0.150250582490111,55.9170468171622,9.8871134034142
15,0.03,0.95,0.62,51896.627696573,207112.730242603,153.407522185367,26.6645908103046,447949.964781242,9292860.60516659,0.148077291740035,56.012921537932,9.73590871961249
15,0.03,0.95,0.63,51151.4722866345,208348.466189018,153.662625030247,26.2415384492723,448694.865088336,9291625.29227253,0.145863986367718,56.1060659641688,9.58144172629057
15,0.03,0.95,0.64,50427.2375024027,209610.908424207,153.91056573009,25.809343230014,449418.851931868,9290363.28223256,0.14360870411827,56.196595312199,9.42363644685887
15,0.03,0.95,0.65,49723.0525449958,210900.71124101,154.151642401574,25.3677811564592,450122.795812603,9289073.92097783,0.141309395126587,56.2846184318748,9.26241109475217
15,0.03,0.95,0.66,49038.0940759305,212218.577551593,154.386136913411,24.9166115874738,450807.519787156,9287756.50583682,0.138963913246153,56.3702382405093,9.09767780587639
15,0.03,0.95,0.67,48371.583024912,213565.261332474,154.614315979147,24.4555764004735,451473.802659109,9286410.28309112,0.136570006691179,56.453552121886,8.92934233322287
15,0.03,0.95,0.68,47722.7816507932,214941.570395384,154.836432163372,23.9843990422543,452122.381917044,9285034.44520557,0.134125307888065,56.534652293651,8.75730370030311
15,0.03,0.95,0.69,47090.9908325575,216348.369517078,155.052724809122,23.5027834578127,452753.956442634,9283628.12769946,0.131627322427247,56.6136261459306,8.58145381003387
15,0.03,0.95,0.7,46475.5475695609,217786.583959697,155.263420893682,23.0104128849318,453369.189009546,9282190.40562742,0.129073416985618,56.6905565538058,8.40167700461072
15,0.03,0.95,0.71,45875.8226723645,219257.203424112,155.468735819117,22.5069485011107,453968.708591817,9280720.28962738,0.126460806076265,56.7655221659549,8.21784957146806
15,0.03,0.95,0.72,45291.2186273624,220761.286480568,155.668874143322,21.9920279062586,454553.112498495,9279216.72149152,0.123786537457303,56.8385976715803,8.02983918927266
15,0.03,0.95,0.73,44721.1676200543,222299.965535423,155.864030256745,21.4652634228544,455122.968349689,9277678.56920115,0.121047476011708,56.9098540474939,7.8375043072697
15,0.03,0.95,0.74,44165.1297032986,223874.452394176,156.054389009486,20.9262401908936,455678.815907692,9276104.62136563,0.118240285874454,56.9793587870885,7.64069344970004
15,0.03,0.95,0.75,43622.591098181,225486.044501032,156.24012629299,20.3745140325116,456221.168775526,9274493.58098494,0.115361410554421,57.047176112728,7.4392444361208
15,0.03,0.95,0.76,43093.0626163166,227136.131936571,156.421409580175,19.8096090551932,456750.515974104,9272844.05845438,0.112407050748429,57.1133671729613,7.23298350627741
15,0.03,0.95,0.77,42576.0781934309,228826.20528701,156.598398427449,19.2310149593509,457267.323408142,9271154.56369803,0.109373139504512,57.1779902258222,7.02172433703298
15,0.03,0.95,0.78,42071.1935250149,230557.864494786,156.7712449418,18.6381840069421,457772.035230044,9269423.49732121,0.10625531431602,57.2411008093748,6.80526693553475
15,0.03,0.95,0.79,41577.9847956645,232332.828844663,156.940094215799,18.0305276031437,458265.07511012,9267649.14062773,0.103048885668369,57.3027519005436,6.58339639109784
15,0.03,0.95,0.8,41096.0474944685,234152.948252002,157.105084733154,17.4074124321804,458746.847420799,9265829.64433557,0.0997488014608403,57.362994063193,6.35588146429988
15,0.03,0.95,0.81,40624.9953094692,236020.216055292,157.266348747192,16.7681560776702,459217.738341784,9263963.01578863,0.0963496066170594,57.4218755863186,6.12247298785934
15,0.03,0.95,0.82,40164.4590948119,237936.783553611,157.424012634442,16.1120220444753,459678.116892554,9262047.10442434,0.0928453970628428,57.4794426131505,5.88290204898904
15,0.03,0.95,0.83,39714.0859047197,239904.976592268,157.578197225368,15.4382140836848,460128.335898055,9260079.58519365,0.0892297670890192,57.5357392619127,5.6368779173054
15,0.03,0.95,0.84,39273.5380889103,241927.314522426,157.72901811404,14.7458696982175,460568.732892976,9258057.93960788,0.0854957488899411,57.5908077388888,5.38408567356167
15,0.03,0.95,0.85,38842.4924444619,244006.531988685,157.876585948498,14.0340526864903,460999.63096959,9255979.43395863,0.0816357428366512,57.6446884444452,5.12418348715479
15,0.03,0.95,0.86,38420.6394195101,246145.604038493,158.02100670336,13.3017445442866,461421.339573787,9253841.09421696,0.0776414366884583,57.6974200725643,4.85679947673266
15,0.03,0.95,0.87,38007.6823644532,248347.775206916,158.162381936178,12.5478345091791,461834.155253611,9251639.67695858,0.0735037115555153,57.749039704447,4.58152807516402
15,0.03,0.95,0.88,37603.3368266034,250616.593347922,158.300809028904,11.7711079775236,462238.362364368,9249371.6355441,0.0692125318789624,57.7995828966784,4.2979258002933
15,0.03,0.95,0.89,37207.3298844238,252955.949194741,158.43638141582,10.9702329610149,462634.233734161,9247033.0805723,0.0647568160273377,57.8490837644514,4.00550630989055
15,0.03,0.95,0.9,36819.3995176391,255370.122865303,158.569188799177,10.1437441643343,463022.031293562,9244619.73339053,0.0601242832197585,57.8975750602996,3.70373458800257
15,0.03,0.95,0.91,36439.2940095915,257863.838868028,158.6993173538,9.29002415660286,463402.006673055,9242126.87110781,0.0553012713370721,57.9450882488063,3.39202007017962
15,0.03,0.95,0.92,36066.7713782297,260442.331545375,158.826849921879,8.40728096297003,463774.401771849,9239549.26117366,0.0502725186448868,57.9916535777262,3.06970846160443
15,0.03,0.95,0.93,35701.5988320382,263111.423511182,158.951866199248,7.49352121389334,464139.449301763,9236881.0829676,0.0450209004308021,58.0373001460006,2.73607193322281
15,0.03,0.95,0.94,35343.5522470261,265877.620331821,159.074442914418,6.54651772840994,464497.37331006,9234115.83315045,0.0395271087850281,58.082055969127,2.39029728558568
15,0.03,0.95,0.95,34992.4156605559,268748.225769984,159.194654001878,5.56377005886247,464848.389685443,9231246.21045996,0.0337692599973603,58.1259480424356,2.03147154274216
15,0.03,0.95,0.96,34647.9807772477,271731.483309657,159.312570771238,4.54245603977069,465192.706651982,9228263.9742343,0.0277224088157514,58.1690024028483,1.65856426152127
15,0.03,0.95,0.97,34310.0464813642,274836.751636159,159.428262074174,3.47937170494707,465530.525256562,9225159.76899213,0.0213579414557367,58.2112441898329,1.2704055937688
15,0.03,0.95,0.98,33978.4183488404,278074.724615307,159.541794471474,2.37085597610315,465862.039856689,9221922.90452872,0.0146428087586076,58.252697706397,0.865658788274663
15,0.03,0.95,0.99,33652.9081502643,281457.710300386,159.653232403198,1.21269513027507,466187.438617333,9218541.07700448,0.00753854560048292,58.2933864812178,0.442785309441685
15,0.03,0.83,0,581494.783656545,85171.8830179292,382.918595042827,56.0863118621553,1118122.29774841,8214772.03067021,0.127757824525398,139.813152015012,20.4785146186695
15,0.03,0.83,0.01,559534.455551971,84677.1598299966,390.436680699403,56.2556796138432,1140075.10776733,8215266.58449039,0.125938307013788,142.55819304037,20.5403550190045
15,0.03,0.83,0.02,539068.574964815,84273.3314539151,397.443144447834,56.3939296581729,1160533.98189074,8215670.27461643,0.124260297088467,145.116428116515,20.5908335664404
15,0.03,0.83,0.03,519962.807562756,83950.025486163,403.983975450818,56.504612972789,1179633.20846179,8215993.46990087,0.12270578336419,147.50464903648,20.6312468116896
15,0.03,0.83,0.04,502096.216507163,83698.4587080253,410.100576373824,56.5907364961137,1197493.68291646,8216244.95055548,0.121259459808897,149.737972948492,20.6626926631435
15,0.03,0.83,0.05,485360.117208589,83511.1653658116,415.830155050781,56.654856093608,1214224.05263636,8216432.1797781,0.119908261124276,151.829985362916,20.6861043311786
15,0.03,0.83,0.06,469656.909037029,83381.7757718175,421.20612491192,56.6991524188033,1229921.88483806,8216561.52507576,0.118640984120303,153.792886358465,20.7022780269155
15,0.03,0.83,0.07,454898.946647344,83304.8357179484,426.258491358577,56.7254927317834,1244674.7948613,8216638.43878932,0.117447978815734,155.637631657301,20.7118955336924
15,0.03,0.83,0.08,441007.484440361,83275.6588653591,431.014212800882,56.7354813895748,1258561.50134684,8216667.60565325,0.116320895872096,157.374064448922,20.7155426423685
15,0.03,0.83,0.09,427911.709672413,83290.2057510119,435.497531815352,56.7305012881497,1271652.79279577,8216653.0637477,0.115252479486923,159.011036304081,20.7137242828357
15,0.03,0.83,0.1,415547.868796677,83344.9842878171,439.730274270239,56.7117479302666,1284012.40092905,8216598.30396425,0.114236396989297,160.556516392921,20.7068769630386
15,0.03,0.83,0.11,403858.485272069,83436.9676520651,443.732117321286,56.6802575637216,1295697.78261061,8216506.35209037,0.113267098114323,162.017689336935,20.6953790429538
15,0.03,0.83,0.12,392791.663553753,83563.5262679336,447.52082727374,56.6369304124654,1306760.81561897,8216379.83680165,0.112339698336482,163.401042058324,20.6795592168514
15,0.03,0.83,0.13,382300.472292759,83722.3712584612,451.112471005925,56.5825500699116,1317248.41523623,8216221.04619147,0.111449881761711,164.712440976038,20.6597035942765
15,0.03,0.83,0.14,372342.399109803,83911.5072505634,454.521602523946,56.517799643869,1327203.07928767,8216031.97494979,0.110593819975763,165.957200121556,20.6360615949677
15,0.03,0.83,0.15,362878.869397182,84129.1928469078,457.761427783608,56.4432752986956,1336663.36917504,8215814.36387779,0.109768103948402,167.14014131949,20.6088508934362
15,0.03,0.83,0.16,353874.821878216,84373.9073954816,460.843950041815,56.3594976372026,1345664.33417174,8215569.73310688,0.108969686668021,168.265647259018,20.5782615747836
15,0.03,0.83,0.17,345298.334273706,84644.3229585922,463.780097795033,56.2669212712895,1354237.8856285,8215299.41012014,0.108195834623395,169.337708207411,20.5444596291796
15,0.03,0.83,0.18,337120.293066217,84939.2805934229,466.579838025271,56.1659429643601,1362413.12709576,8215004.55346361,0.107444086603684,170.359963358977,20.507589924862
15,0.03,0.83,0.19,329314.101905428,85257.7702122524,469.252275996333,56.0569085240226,1370216.64581858,8214686.17287922,0.106712218586482,171.335737273161,20.4677787248338
15,0.03,0.83,0.2,321855.423956328,85598.9134414052,471.805743260971,55.940118644785,1377672.77030041,8214345.14643995,0.10599821369092,172.268072008162,20.4251358201771
15,0.03,0.83,0.21,314721.953917012,85961.9489873903,474.247876081334,55.8158339632133,1384803.79820691,8213982.23517865,0.105300236378232,173.159755754197,20.3797563758182
15,0.03,0.83,0.22,307893.216057339,86346.2201177257,476.585684329924,55.6842793153818,1391630.19825833,8213598.09560296,0.104616610214152,174.013347990964,20.3317224850288
15,0.03,0.83,0.23,301350.385066429,86751.163930446,478.825612816339,55.5456474089567,1398170.78932076,8213193.29042215,0.103945798629848,174.831201879566,20.2811045101953
15,0.03,0.83,0.24,295076.126876783,87176.3021392258,480.973595735668,55.4001019731054,1404442.89952748,8212768.2977588,0.103286388221044,175.615484142986,20.2279622329301
15,0.03,0.83,0.25,289054.457030629,87621.2331515899,483.035105431152,55.2477805026086,1410462.50786394,8212323.51906791,0.102637074197093,176.368192870549,20.172345856015
15,0.03,0.83,0.26,283270.614462748,88085.6252544122,485.015195287033,55.0887965538913,1416244.37034196,8211859.28594903,0.101996647656914,177.091173179178,20.1142968417395
15,0.03,0.83,0.27,277710.948839174,88569.2107508612,486.918538536939,54.9232417797415,1421802.13262229,8211375.86600736,0.101363984422983,177.7861313833,20.0538486548281
15,0.03,0.83,0.28,272362.819840282,89071.7809194439,488.749462550872,54.7511876325962,1427148.43069717,8210873.46789292,0.100738035205871,178.454647513887,19.9910273843517
15,0.03,0.83,0.29,267214.506967461,89593.181685123,490.511979798942,54.5726868572839,1432294.98105274,8210352.24562802,0.100117816911004,179.098186624089,19.9258522887658
15,0.03,0.83,0.3,262255.128663778,90133.309913443,492.209815595046,54.3877747650727,1437252.66152063,8209812.30231179,0.0995024049213976,179.718108919141,19.8583362610972
15,0.03,0.83,0.31,257474.569661727,90692.1102494641,493.846432871308,54.1964703044834,1442031.5839054,8209253.69328023,0.0988909262220648,180.315678802136,19.7884862199245
15,0.03,0.83,0.32,252863.41561006,91269.5724360421,495.4250545645,53.998776981706,1446641.15933538,8208676.42878698,0.0982825532517235,180.892073047863,19.7163034454454
15,0.03,0.83,0.33,248412.894188416,91865.7290606105,496.94868394909,53.7946836494916,1451090.15712764,8208080.47625574,0.0976764983735597,181.448388226911,19.6417838675206
15,0.03,0.83,0.34,244114.821957404,92480.6536813589,498.420122592582,53.5841651230342,1455386.75792,8207465.76215352,0.0970720088874381,181.985647261617,19.5649182905479
15,0.03,0.83,0.35,239961.55633095,93114.4592968153,499.841986896951,53.3671827146775,1459538.60168215,8206832.17352047,0.0964683625040834,182.504805465749,19.4856925886966
15,0.03,0.83,0.36,235945.952107994,93767.2971261756,501.21672299698,53.1436846533066,1463552.83116901,8206179.55918917,0.0958648632187885,183.006755984272,19.4040878590386
15,0.03,0.83,0.37,232061.322076693,94439.3556742426,502.54662027678,52.9136064073052,1467436.13130303,8205507.73071935,0.0952608375277957,183.492334728559,19.3200805394673
15,0.03,0.83,0.38,228301.401254439,95130.8600587169,503.833823590891,52.676870913075,1471194.76492197,8204816.46307037,0.0946556309399002,183.962324838624,19.2336424921365
15,0.03,0.83,0.39,224660.314392794,95842.0715833298,505.080344256824,52.4333887069003,1474834.60526295,8204105.49502796,0.0940486047369025,184.417460696773,19.144741051607
15,0.03,0.83,0.4,221132.5464021,96573.2875420358,506.288070380735,52.1830580129855,1478361.16552752,8203374.52939995,0.093439132946899,184.858431697766,19.0533390569913
15,0.03,0.83,0.41,217712.915398647,97324.8412437536,507.458775962653,51.9257647224712,1481779.62582539,8202623.23299152,0.0928265994960701,185.285885573364,18.9593948442923
15,0.03,0.83,0.42,214396.548113227,98097.1022503557,508.594129366604,51.661382317201,1485094.85775741,8201851.23636733,0.0922103955067514,185.700431484981,18.862862218568
15,0.03,0.83,0.43,211178.857423184,98890.4768227254,509.695701002528,51.3897717161365,1488311.44687581,8201058.13340556,0.0915899167147106,186.102642828548,18.7636903978544
15,0.03,0.83,0.44,208055.521806598,99705.4085733208,510.764970275553,51.1107810422569,1491433.71322313,8200243.48064564,0.0909645609770183,186.493059771861,18.6618239280541
15,0.03,0.83,0.45,205022.466508279,100542.379322996,511.803332221031,50.8242453508727,1494465.7301595,8199406.79643165,0.0903337258550526,186.872191677204,18.5572025837374
15,0.03,0.83,0.46,202075.8462982,101401.9101693,512.812103318075,50.529986251109,1497411.34159848,8198547.55984445,0.0896968062332283,187.240519224012,18.4497612299362
15,0.03,0.83,0.47,199212.02961539,102284.562765376,513.792526670871,50.2278114471412,1500274.17785794,8197665.20942318,0.0890531919730735,187.598496300702,18.3394296546374
15,0.03,0.83,0.48,196427.584021078,103190.940822446,514.745777463297,49.9175142678019,1503057.67020146,8196759.14166329,0.088402265560364,187.946551996286,18.2261323970312
15,0.03,0.83,0.49,193719.262792055,104121.691840857,515.672967200248,49.5988730425035,1505765.06424074,8195828.7092861,0.0877433997441014,188.28509214899,18.1097885196441
15,0.03,0.83,0.5,191083.992594161,105077.509086704,516.575148044877,49.2716504337146,1508399.43225779,8194873.21926286,0.0870759551281242,188.614500929886,17.9903113646101
15,0.03,0.83,0.51,188518.862107303,106059.133826282,517.453316654799,48.9355926666667,1510963.68457604,8193891.93058105,0.0863992777070645,188.935142243584,17.8676082724167
15,0.03,0.83,0.52,186021.111522659,107067.357837328,518.308417825929,48.5904286756243,1513460.58005951,8192884.051734,0.0857126963222549,189.247361058692,17.7415802701873
15,0.03,0.83,0.53,183588.122845451,108103.026219928,519.141347879127,48.2358691474554,1515892.73580667,8191848.73791092,0.0850155200102007,189.551484644366,17.6121217224647
15,0.03,0.83,0.54,181217.410929773,109167.040532201,519.952957578931,47.8716054330215,1518262.63611265,8190785.08786237,0.0843070352206898,189.847823636007,17.479119933732
15,0.03,0.83,0.55,178906.615175604,110260.362279705,520.744055068145,47.4973083612996,1520572.64076933,8189692.14041193,0.0835865028808256,190.136673106757,17.3424547154195
15,0.03,0.83,0.56,176653.491831266,111384.016793069,521.515408503207,47.1126269130488,1522824.99276023,8188568.87058002,0.0828531552767368,190.418313529733,17.201997901627
15,0.03,0.83,0.57,174455.906860481,112539.097534462,522.267748420345,46.7171867390795,1525021.8253911,8187414.1852788,0.0821061927166661,190.693011641979,17.0576128081064
15,0.03,0.83,0.58,172311.82931943,113726.77087804,523.001770185837,46.3105885399132,1527165.16891038,8186226.91853342,0.0813447799439429,190.961021339104,16.9091536406358
15,0.03,0.83,0.59,170219.325205687,114948.281417942,523.718135844843,45.8924062247665,1529256.95665847,8185005.82617583,0.0805680422592287,191.222584350348,16.7564648228179
15,0.03,0.83,0.6,168176.551726469,116204.957863243,524.417476300306,45.4621849149173,1531299.03079723,8183749.57995184,0.0797750613137741,191.477931034149,16.5993802670592
15,0.03,0.83,0.61,166181.751978818,117498.219593675,525.100393016605,45.0194386868972,1533293.14762817,8182456.76096764,0.0789648705121875,191.727281000188,16.4377225505533
15,0.03,0.83,0.62,164233.249982453,118829.583955085,525.767459771149,44.5636480804255,1535240.98255778,8181125.85239683,0.0781364499795493,191.970843748941,16.2713020053654
15,0.03,0.83,0.63,162329.446053819,120200.674391323,526.419224212908,44.0942573115705,1537144.13472197,8179755.23135137,0.0772887210197829,192.208819240738,16.0999157008872
15,0.03,0.83,0.64,160468.812484483,121613.229522669,527.056209360777,43.6106711672414,1539004.13130616,8178343.15980616,0.0764205399950492,192.441398442854,15.923346309939
15,0.03,0.83,0.65,158649.889508092,123069.113299811,527.678914928756,43.1122515239025,1540822.43157698,8176887.77444866,0.0755306915344111,192.668763813362,15.7413608376649
15,0.03,0.83,0.66,156871.281528498,124570.326384107,528.287818715283,42.5983134595952,1542600.43065279,8175387.07530243,0.0746178809727089,192.891089808418,15.5537092019347
15,0.03,0.83,0.67,155131.653590205,126119.01893182,528.883377747841,42.0681208721577,1544339.46303205,8173838.91294731,0.0736807259002511,193.108543300181,15.3601226334466
15,0.03,0.83,0.68,153429.728073282,127717.504990286,529.466029419008,41.5208815509103,1546040.8058973,8172240.97412816,0.0727177466824591,193.321283991615,15.1603118762761
15,0.03,0.83,0.69,151764.281593871,129368.278753282,530.036192537463,40.9557416112204,1547705.68221359,8170590.76550511,0.0717273557853021,193.529464800241,14.9539651557969
15,0.03,0.83,0.7,150134.142097,131074.032968353,530.594268366869,40.3717791959643,1549335.26363463,8168885.59525245,0.070707845708674,193.733232237453,14.7407458789265
15,0.03,0.83,0.71,148538.186125762,132837.679845994,531.140641518722,39.7679973139863,1550930.67323272,8167122.55215669,0.0696573752944021,193.932726734524,14.5202900192692
15,0.03,0.83,0.72,146975.336252989,134662.374889119,531.675680844897,39.1433156833102,1552492.98806617,8165298.4817952,0.0685739541279894,194.128082968493,14.2922031388686
15,0.03,0.83,0.73,145444.558664058,136551.544147378,532.199740272427,38.4965614011055,1554023.24159567,8163409.95929122,0.0674554246947398,194.31943016697,14.0560569815786
15,0.03,0.83,0.74,143944.860878417,138508.915507041,532.71315957615,37.8264582310794,1555522.42596201,8161453.25803473,0.0662994418800553,194.506892390242,13.8113855616228
15,0.03,0.83,0.75,142475.289599076,140538.55475985,533.216265115022,37.131614255444,1556991.49413581,8159424.3136259,0.0651034493131259,194.690588800123,13.557680655019
15,0.03,0.83,0.76,141034.928679765,142644.907361526,533.70937053074,36.4105075790772,1558431.3619497,8157318.68213089,0.0638646519391554,194.870633915036,13.2943865798105
15,0.03,0.83,0.77,139622.897199806,144832.847002572,534.192777405095,35.6614697012745,1559842.91002279,8155131.49152773,0.0625799840614645,195.047137850035,13.0208941246778
15,0.03,0.83,0.78,138238.347637252,147107.732384739,534.666775885916,34.8826660784869,1561226.98558686,8152857.38494918,0.0612460719093587,195.220206545345,12.7365334519075
15,0.03,0.83,0.79,136880.46413106,149475.473945311,535.131645282081,34.0720732813037,1562584.40422366,8150490.45398141,0.0598591895486879,195.38994198362,12.440565756836
15,0.03,0.83,0.8,135548.460823057,151942.612724696,535.587654630919,33.2274519942832,1563915.95152231,8148024.15982331,0.0584152066414387,195.556442397114,12.1321734094126
15,0.03,0.83,0.81,134241.580270464,154516.414167378,536.035063241884,32.3463149033276,1565222.38466629,8145451.23951772,0.056909526151055,195.719802466193,11.8104482290775
15,0.03,0.83,0.82,132959.091919315,157204.980434415,536.474121218997,31.4258882456643,1566504.43395947,8142763.59367734,0.0553370095473117,195.880113510086,11.4743774456982
15,0.03,0.83,0.83,131700.290628533,160017.385861741,536.905069966267,30.4630654358993,1567762.8043015,8139952.15107282,0.0536918863346216,196.037463671433,11.1228267672827
15,0.03,0.83,0.84,130464.495233372,162963.841630345,537.328142679433,29.4543506914267,1568998.17662395,8137006.70401896,0.0519676437362259,196.191938095828,10.7545197962072
15,0.03,0.83,0.85,129251.047135405,166055.897681366,537.743564828685,28.3957899071008,1570211.20929977,8133915.70652873,0.0501568910014266,196.343619108074,10.3680127898302
15,0.03,0.83,0.86,128059.308903969,169306.692648949,538.151554637463,27.2828850910966,1571402.53954139,8130666.02446596,0.0482511908970276,196.492586387004,9.96166341888663
15,0.03,0.83,0.87,126888.662870635,172731.266459508,538.552323563631,26.1104873469458,1572572.7848058,8127242.62305314,0.0462408482415195,196.638917141171,9.53359169255358
15,0.03,0.83,0.88,125738.509693484,176346.955823209,538.946076791,24.8726614777874,1573722.54422973,8123628.17151531,0.0441146414433816,196.782686288314,9.08163052207713
15,0.03,0.83,0.89,124608.266860851,180173.901016209,539.333013741578,23.5625124900448,1574852.40012541,8119802.5364713,0.041859477277759,196.923966642394,8.60326237292763
15,0.03,0.83,0.9,123497.367093691,184235.704588031,539.713328622496,22.1719600859571,1575962.91957769,8115742.12345188,0.0394599405457321,197.062829113289,8.09553692638508
15,0.03,0.83,0.91,122405.25658978,188560.301365152,540.08721102712,20.6914408191168,1577054.65619919,8111419.00719403,0.036897697069949,197.199342926277,7.55496232908003
15,0.03,0.83,0.92,121331.393028357,193181.128581736,540.454846618159,19.1095075019579,1578128.15212503,8106799.76191076,0.0341506876934764,197.333575871455,6.97735892665239
15,0.03,0.83,0.93,120275.243214661,198138.732670489,540.816417934043,17.4122791230257,1579183.94036741,8101843.85505039,0.0311920172051736,197.465594598168,6.35765841479477
15,0.03,0.83,0.94,119236.280179751,203483.029149867,541.172105381807,15.5826671774083,1580222.54771487,8096501.38818296,0.0279883854534016,197.595464977532,5.6896213531512
15,0.03,0.83,0.95,118213.979441895,209276.571214935,541.522088516987,13.5992566679812,1581244.49846959,8090709.8295284,0.0244978089672446,197.723252569765,4.96542859089663
15,0.03,0.83,0.96,117207.813941946,215599.436399405,541.866547777498,11.4346331606045,1582250.31951028,8084389.12896743,0.0206662005333469,197.849023257259,4.17507043276571
15,0.03,0.83,0.97,116217.246801779,222556.829214428,542.205666962769,9.05278001898281,1583240.54753126,8077434.11800555,0.0164220250384344,197.972844149781,3.3053963044311
15,0.03,0.83,0.98,115241.7203287,230291.502235587,542.539636998061,6.40482602632322,1584215.7400343,8069702.09293839,0.0116675300649471,198.094784958917,2.33856210286127
15,0.03,0.83,0.99,114280.63811729,239005.339096024,542.868662061875,3.42165633211199,1585176.49322065,8060991.23924764,0.00626343945133635,198.214920235342,1.24933226826239
15,0.03,0.91,0,511509.007852741,155157.732381998,132.998976241275,40.3430227931866,388357.993171017,8944801.9245952,0.232736572890025,48.5612512000954,14.7302461973623
15,0.03,0.91,0.01,480137.714446801,151121.44185098,143.739655113984,41.7250668349483,419718.545898085,8948836.83308219,0.224975760330513,52.4829415734935,15.2348650281105
15,0.03,0.91,0.02,451693.1925799,147791.647815574,153.477202687773,42.8649027669312,448153.330217412,8952165.48728165,0.218317424414195,56.038363631373,15.6510476227758
15,0.03,0.91,0.03,425940.379840569,145037.658571169,162.293617209985,43.8077204089331,473897.326542221,8954918.53370842,0.212554275071876,59.2574569837957,15.9952939143117
15,0.03,0.91,0.04,402617.464256513,142754.672688025,170.278197652087,44.589300989346,497212.257545834,8957200.73801098,0.207519989162046,62.1728269177182,16.280668523735
15,0.03,0.91,0.05,381464.982031493,140859.347255621,177.51968662186,45.2381544985766,518357.498281885,8959095.41458988,0.203082209232393,64.8168755778065,16.5175811612928
15,0.03,0.91,0.06,362240.356568821,139285.496972999,184.101216121351,45.7769617412318,537575.542215057,8960668.72606527,0.199135742969898,67.2199565363084,16.7143131557672
15,0.03,0.91,0.07,344723.990438967,137980.424928097,190.09791465637,46.2237503854167,555085.911646376,8961973.35132152,0.195596753167947,69.4095010889072,16.8774468594753
15,0.03,0.91,0.08,328720.726163046,136901.966212244,195.576608830315,46.5929592347082,571083.697228123,8963051.44082852,0.192398077128328,71.4099092991687,17.0122542405728
15,0.03,0.91,0.09,314058.950746803,136016.174836071,200.596045701645,46.8962085650716,585740.453207494,8963936.92895536,0.189485560685599,73.2426311868131,17.1229781523218
15,0.03,0.91,0.1,300588.615747061,135295.536013634,205.207594819964,47.1429181908586,599206.176658119,8964657.32106817,0.186815226283439,74.9264230586393,17.2130580044373
15,0.03,0.91,0.11,288178.876009083,134717.592019367,209.456050628248,47.3407764317014,611611.667940288,8965235.0672042,0.184351095664627,76.4776404856392,17.285300994625
15,0.03,0.91,0.12,276715.708987726,134263.885787589,213.380448801683,47.4961020877286,623070.910563472,8965688.61811033,0.182063515964924,77.9105363687145,17.3420142747819
15,0.03,0.91,0.13,266099.689756449,133919.146448091,217.014827204125,47.6141230936304,633683.295416347,8966033.23942882,0.179927868965417,79.2375387829062,17.3851066945618
15,0.03,0.91,0.14,256243.993719551,133670.658423473,220.388910039311,47.6991925931423,643535.617370409,8966281.64238393,0.177923571112507,80.4695007781034,17.4161676955711
15,0.03,0.91,0.15,247072.64496408,133507.769914315,223.528707636794,47.7549572335847,652703.826328283,8966444.47512845,0.176033294361466,81.6159193758846,17.4365287599126
15,0.03,0.91,0.16,238519.001245916,133421.507586648,226.457034821608,47.7844890122303,661254.541719262,8966530.70792434,0.174242355221096,82.6851248392396,17.4473115505906
15,0.03,0.91,0.17,230524.454318387,133404.272536956,229.193956059761,47.7903894064969,669246.351725553,8966547.93707364,0.172538232534585,83.6844432063202,17.4494659320472
15,0.03,0.91,0.18,223037.320131726,133449.598808572,231.757165321333,47.774872029751,676730.922702953,8966502.6263194,0.170910184329774,84.6203349879517,17.4438001498628
15,0.03,0.91,0.19,216011.893324021,133551.960342211,234.162309703242,47.7398287063827,683753.944366275,8966400.29982908,0.169348941358555,85.4985133303961,17.431004956418
15,0.03,0.91,0.2,209407.642210961,133706.615659328,236.423265232497,47.6868826880275,690355.934523806,8966245.69745798,0.167846460385383,86.3240447180155,17.411673041466
15,0.03,0.91,0.21,203188.523129473,133909.482134964,238.552371387279,47.6174316519907,696572.92449914,8966042.90043338,0.166395724308677,87.1014346027801,17.3863147319331
15,0.03,0.91,0.22,197322.395753138,134157.033618121,240.560631384148,47.5326827755369,702437.043615478,8965795.4336991,0.164990579230139,87.8347005341372,17.3553707984179
15,0.03,0.91,0.23,191780.523671224,134446.216591461,242.457883036847,47.4336814149548,707977.018445738,8965506.34972712,0.163625600850628,88.5274345438289,17.3192229266354
15,0.03,0.91,0.24,186537.146921916,134774.38114196,244.252945252946,47.3213347685119,713218.600132831,8965178.29752327,0.16229598428582,89.1828566354818,17.2782023573529
15,0.03,0.91,0.25,181569.115276761,135139.223835386,245.953743480772,47.1964314143332,718184.930979758,8964813.5797332,0.160997452692024,89.8038605884168,17.2325970201584
15,0.03,0.91,0.26,176855.572879675,135538.740214991,247.567417723476,47.0596575811217,722896.859702601,8964414.20012743,0.159726181079826,90.393053396284,17.1826574743071
15,0.03,0.91,0.27,172377.686345016,135971.185121265,249.100415508707,46.9116107112368,727373.213239475,8963981.90326803,0.15847873247008,90.9527892126166,17.1286018609403
15,0.03,0.91,0.28,168118.409725767,136435.039406467,250.558572496763,46.7528108836291,731631.031701736,8963518.20778265,0.157252004117891,91.4851987828804,17.0706200738851
15,0.03,0.91,0.29,164062.280813626,136928.981902496,251.947182207992,46.5837104091956,735685.772004165,8963024.4343871,0.156043181999696,91.992214903693,17.0088772631576
15,0.03,0.91,0.3,160195.244143686,137451.865729978,253.271056434144,46.404701906008,739551.48479988,8962501.72956812,0.154849702101481,92.4755944805167,16.9435167834312
15,0.03,0.91,0.31,156504.496786038,138002.698207666,254.534578289465,46.2161252266707,743240.968635673,8961951.08566711,0.153669217349615,92.936937897941,16.8746627233882
15,0.03,0.91,0.32,152978.353667176,138580.623769124,255.741748142757,46.0182732725477,746765.904584681,8961373.3579576,0.152499569216341,93.3777057906243,16.802422028639
15,0.03,0.91,0.33,149606.129628329,139184.909395881,256.896224025329,45.8113969890076,750136.974147645,8960769.27920713,0.151338763244543,93.7992337972482,16.7268863256114
15,0.03,0.91,0.34,146378.035913098,139814.93217528,258.001357084863,45.5957096260014,753363.962729817,8960139.47211509,0.15018494783227,94.2027455056105,16.6481334771937
15,0.03,0.91,0.35,143285.089080417,140470.168652756,259.060222838597,45.371390395581,756455.850696744,8959484.45995685,0.14903639577234,94.5893638639427,16.5662289181865
15,0.03,0.91,0.36,140319.030663286,141150.185710467,260.075648526534,45.1385875698597,759420.893688187,8958804.67570196,0.147891488113955,94.9601211682507,16.481226786445
15,0.03,0.91,0.37,137472.256163788,141854.632754092,261.050237543991,44.8974211747098,762266.693598668,8958100.46982473,0.146748699966324,95.3159679832497,16.3931709064159
15,0.03,0.91,0.38,134737.752129514,142583.235017928,261.986390928586,44.6479852746235,765000.261479557,8957372.1169968,0.145606587974451,95.6577809878,16.3020956233969
15,0.03,0.91,0.39,132109.040293491,143335.787839879,262.886326502367,44.3903499355242,767628.073380006,8956619.82181018,0.144463779191184,95.9863699641766,16.2080265202083
15,0.03,0.91,0.4,129580.12787771,144112.15177818,263.752095911152,44.1245628987314,770156.120026379,8955843.72365892,0.143318961136247,96.3024840195594,16.1109810283993
15,0.03,0.91,0.41,127145.463269993,144912.248459937,264.585599708336,43.8506509905553,772589.951130298,8955043.90088907,0.142170872882786,96.6068170935063,16.0109689429265
15,0.03,0.91,0.42,124799.896447159,145736.057078813,265.388601015668,43.5686213364798,774934.714951825,8954220.37429985,0.141018296982294,96.9000129458456,15.9079928654822
15,0.03,0.91,0.43,122538.643534925,146583.611461445,266.162737592573,43.2784623573158,777195.193727482,8953373.1100762,0.139860052133731,97.1826695634882,15.8020485682149
15,0.03,0.91,0.44,120357.255036351,147454.997645486,266.909532666257,42.9801445899115,779375.835430982,8952502.02220992,0.138694986456042,97.4553431147672,15.6931252933914
15,0.03,0.91,0.45,118251.587284764,148350.351915052,267.630404906314,42.6736213926223,781480.782310329,8951606.97446356,0.137521971279586,97.718551591418,15.5812060109812
15,0.03,0.91,0.46,116217.77675648,149269.859253452,268.326676913903,42.3588294249667,783513.896566606,8950687.78191712,0.136339895362757,97.972777908189,15.466267593791
15,0.03,0.91,0.47,114252.216906854,150213.752175442,268.999583393093,42.0356890874899,785478.783509753,8949744.21213547,0.135147659467188,98.218472886403,15.3482809780698
15,0.03,0.91,0.48,112351.537258516,151182.309913822,269.650278240025,41.7041047879219,787378.812463244,8948775.98598139,0.133944171212064,98.456057842389,15.22721126069
15,0.03,0.91,0.49,110512.584482241,152175.857935881,270.279840985043,41.3639651022799,789217.135676773,8947782.77809902,0.13272834015732,98.6859269396637,15.1030177579699
15,0.03,0.91,0.5,108732.405263124,153194.76777426,270.889282691251,41.015142836745,790996.705454185,8946764.2170829,0.131499073048784,98.9084493426431,14.9756540282665
15,0.03,0.91,0.51,107008.230749851,154239.457158019,271.479551273281,40.6574949828742,792720.289698875,8945719.885347,0.130255269185538,99.1239711586569,14.8450678556219
15,0.03,0.91,0.52,105337.46242862,155310.390437599,272.05153631463,40.2908625686977,794390.486035065,8944649.31869983,0.12899581585063,99.3328171968794,14.7112011953958
15,0.03,0.91,0.53,103717.659265234,156408.079297616,272.606073516493,39.9150704221909,796009.734661249,8943552.00563196,0.127719583766858,99.5352925927095,14.5739900879024
15,0.03,0.91,0.54,102146.525990265,157533.083759303,273.143948647001,39.5299268191909,797580.330061088,8942427.38631388,0.126425422527713,99.7316842497363,14.4333645298571
15,0.03,0.91,0.55,100621.90241073,158686.013474914,273.665901261515,39.1352230483832,799104.431688008,8941274.85130204,0.125112155957634,99.9222621981107,14.2892483155409
15,0.03,0.91,0.56,99141.7536409566,159867.529321334,274.172627992223,38.7307328584133,800584.073731051,8940093.73994581,0.123778577363704,100.10728079566,14.1415588349282
15,0.03,0.91,0.57,97704.1611666357,161078.345304671,274.664785634973,38.3162118097003,802021.174047729,8938883.33848352,0.122423444626135,100.28697985497,13.9902068370168
15,0.03,0.91,0.58,96307.3146584555,162319.230790533,275.142993956155,37.8913965114521,803417.542347588,8937642.87781296,0.121045475082947,100.461585668241,13.835096151244
15,0.03,0.91,0.59,94949.5044634644,163591.01307962,275.607838251105,37.4560037383314,804774.887698284,8936371.53091664,0.11964334015806,100.631311941435,13.6761233649582
15,0.03,0.91,0.6,93629.1147100973,164894.580352271,276.059871719775,37.0097294242399,806094.825418183,8935068.4099183,0.118215659677591,100.796360661683,13.5131774560256
15,0.03,0.91,0.61,92344.6169690275,166230.885011676,276.499617608473,36.5522475141228,807378.883413364,8933732.56274081,0.116760995817126,100.956922879294,13.3461393735941
15,0.03,0.91,0.62,91094.5644179975,167600.947459523,276.927571237212,36.0832086753607,808628.508010765,8932362.9693318,0.115277846614226,101.113179447987,13.1748815675911
15,0.03,0.91,0.63,89877.5864653913,169005.860345913,277.344201826682,35.6022388408842,809845.069332782,8930958.53741525,0.113764638974448,101.265301691967,12.9992674567778
15,0.03,0.91,0.64,88692.3837901724,170446.7933413,277.749954197289,35.1089375757428,811029.86625563,8929518.09772113,0.112219721091428,101.413452026285,12.8191508323431
15,0.03,0.91,0.65,87537.7237613916,171924.998486939,278.145250338572,34.6028762454977,812184.13098827,8928040.39863682,0.110641354189523,101.557784529871,12.6343751891374
15,0.03,0.91,0.66,86412.4362037518,173441.816190242,278.530490858008,34.0835959636246,813309.03330539,8926524.10021379,0.109027703486284,101.69844547453,12.4447729762184
15,0.03,0.91,0.67,85315.4094788339,174998.681941891,278.906056323594,33.5506052920636,814405.684464842,8924967.76745282,0.107376828257011,101.835573815152,12.2501647572647
15,0.03,0.91,0.68,84245.586854876,176597.133845367,279.272308505706,33.003377663348,815475.140836618,8923369.86277697,0.105686670865183,101.969301643146,12.0503582693299
15,0.03,0.91,0.69,83201.9631403356,178238.821064624,279.629591530188,32.4413484886619,816518.407268134,8921728.73758689,0.103955044602046,102.09975460746,11.8451473669227
15,0.03,0.91,0.7,82183.5815589804,179925.513314032,279.97823294797,31.863911908934,817536.440208071,8920042.62277406,0.102179620152226,102.227052305128,11.6343108357495
15,0.03,0.91,0.71,81189.5308462318,181659.111536703,280.318544729123,31.2704171390992,818530.150609039,8918309.61804616,0.100357910471566,102.351308644221,11.4176110579136
15,0.03,0.91,0.72,80218.9425483897,183441.659943711,280.650824187473,30.6601643465646,819500.406627423,8916527.67989194,0.0984872538259674,102.472632181451,11.1947925070394
15,0.03,0.91,0.73,79270.9885080226,185275.359617815,280.975354841483,30.0323999939111,820448.036137136,8914694.60798219,0.0965647946939657,102.591126436497,10.9655800477768
15,0.03,0.91,0.74,78344.8785202819,187162.583924579,281.29240721661,29.3863115629789,821373.829072501,8912808.02976386,0.0945874621809132,102.706890184965,10.7296770094327
15,0.03,0.91,0.75,77439.8581462296,189105.89601968,281.602239593896,28.7210215612089,822278.539614176,8910865.38295876,0.092551945523844,102.820017731721,10.4867629975364
15,0.03,0.91,0.76,76555.206670444,191108.0687995,281.905098709193,28.0355806916759,823162.888230846,8908863.89561981,0.0904546661828,102.930599166194,10.2364914000481
15,0.03,0.91,0.77,75690.2351912178,193172.107711855,282.201220406978,27.3289600438076,824027.563588375,8906800.5633281,0.0882917459099044,103.038720601098,9.97848653599526
15,0.03,0.91,0.78,74844.284832592,195301.276932537,282.490830252452,26.6000421318771,824873.224337155,8904672.12302533,0.0860589700584952,103.144464395927,9.71234038340164
15,0.03,0.91,0.79,74016.7250682806,197499.129522566,282.774144105347,25.8476105706851,825700.500787614,8902475.02286686,0.0837517452320169,103.247909366465,9.43760880962139
15,0.03,0.91,0.8,73206.9521482538,199769.542319582,283.05136865859,25.0703381306708,826509.996483087,8900205.38734229,0.081365050167717,103.349130981468,9.15380720996118
15,0.03,0.91,0.81,72414.3876193535,202116.756490771,283.32270194476,24.2667728545655,827302.289678701,8897858.97673638,0.078893378488966,103.448201547581,8.86040543852322
15,0.03,0.91,0.82,71638.4769318147,204545.424899405,283.588333813142,23.4353218414932,828077.934734372,8895431.13977875,0.0763306716269937,103.545190383524,8.5568218873752
15,0.03,0.91,0.83,70878.688123965,207060.667724405,283.848446380022,22.5742322058127,828837.463429655,8892916.75804339,0.0736702397811892,103.640163984505,8.24241653414736
15,0.03,0.91,0.84,70134.5105776583,209668.138145294,284.103214454755,21.6815685898354,829581.386207887,8890310.18028612,0.0709046682243625,103.733186177793,7.91648273136364
15,0.03,0.91,0.85,69405.453837146,212374.100397101,284.352805944147,20.7551864421284,830310.19335691,8887605.14441646,0.0680257055208562,103.824318270357,7.57823744968214
15,0.03,0.91,0.86,68691.0464840973,215185.523145058,284.597382237557,19.7927000499244,831024.356133665,8884794.68415489,0.0650241292396353,103.913619189488,7.22680960572866
15,0.03,0.91,0.87,67990.8350612822,218110.192010316,284.837098575393,18.7914440178291,831724.327840142,8881871.01654567,0.0618895834276175,104.00114561734,6.86122599700985
15,0.03,0.91,0.88,67304.3830370192,221156.846236604,285.072104403624,17.748426478048,832410.544858577,8878825.40533692,0.0586103803014045,104.086952120373,6.48039421779727
15,0.03,0.91,0.89,66631.2698017219,224335.346137921,285.302543717316,16.6602717664141,833083.42765456,8875647.99359031,0.0551732561498511,104.171091274785,6.08308172871194
15,0.03,0.91,0.9,65971.0896867068,227656.88019668,285.528555396543,15.5231495217666,833743.381757896,8872327.5966538,0.0515630679652813,104.253613789163,5.66788996913504
15,0.03,0.91,0.91,65323.450993599,231134.223896045,285.750273538656,14.3326860750344,834390.798732862,8868851.44341788,0.0477624124125057,104.334568625802,5.23322200314693
15,0.03,0.91,0.92,64687.9750199533,234782.066956674,285.967827791877,13.0838524197742,835026.057152255,8865204.84919091,0.0437511416438599,104.414003122509,4.77724161477007
15,0.03,0.91,0.93,64064.2950626237,238617.432392325,286.181343696475,11.7708207486599,835649.523593679,8861370.79678693,0.039505740025686,104.491963117175,4.29782092585446
15,0.03,0.91,0.94,63452.0553742436,242660.22088472,286.390943042035,10.386778085735,836261.553682714,8857329.39233719,0.0349985101518562,104.568493078223,3.792472348554
15,0.03,0.91,0.95,62850.9100387143,246933.929444604,286.59674425242,8.92368025093823,836862.493217033,8853057.14687514,0.0301964923945107,104.643636245165,3.25825875162382
15,0.03,0.91,0.96,62260.5217167905,251466.617649422,286.798862815216,7.37192106539789,837452.679420394,8848526.01042951,0.0250600041518389,104.717434785406,2.69167267900341
15,0.03,0.91,0.97,61680.5601890515,256292.234159565,286.997411780549,5.71987820949518,838032.442399167,8843702.04596223,0.0195406230007449,104.789929976373,2.08847053124193
15,0.03,0.91,0.98,61110.7005840977,261452.482303414,287.192502367658,3.9532745168556,838602.106913535,8838543.56442207,0.0135783337102077,104.861162426991,1.4434393579669
15,0.03,0.91,0.99,60550.6211119006,266999.5187898,287.38424474088,2.05425402186219,839161.994643358,8832998.42695618,0.00709737657790332,104.931172361014,0.750059499732431
15,0.03,0.82,0,586510.263930388,80156.402737153,415.436404088436,56.7763085587529,1213074.29966552,8119786.82095429,0.120234604105572,151.68621704279,20.7304496625147
15,0.03,0.82,0.01,565523.609739357,79790.8994708675,422.621153770248,56.9014380403779,1234053.76910687,8120152.19909109,0.118662684536977,154.309548770362,20.776137564493
15,0.03,0.82,0.02,545901.657486872,79499.1606802996,429.338699889291,57.0013143791796,1253669.00381324,8120443.83800532,0.117204656632908,156.762292797078,20.812604912698
15,0.03,0.82,0.03,527525.713016512,79273.3403158292,435.629677189472,57.0786236547785,1272038.6573063,8120669.58106051,0.115846685669746,159.059285883806,20.840832461951
15,0.03,0.82,0.04,510288.826360153,79106.7478392854,441.530699599434,57.1356563322369,1289269.64294025,8120836.11650438,0.11457692233014,161.213896691243,20.861656518308
15,0.03,0.82,0.05,494094.705155107,78993.6579733018,447.074732950377,57.1743724888268,1305458.22011194,8120949.16765421,0.113385173859709,163.238161868507,20.8757927549829
15,0.03,0.82,0.06,478856.659982837,78929.1548059812,452.291454948,57.1964550426533,1320691.04856222,8121013.64873898,0.112262634541618,165.142917487889,20.8838556474488
15,0.03,0.82,0.07,464496.613450554,78909.003799575,457.207595502883,57.2033537109833,1335046.17895394,8121033.79284671,0.111201664347158,166.93792330799,20.8863745237228
15,0.03,0.82,0.08,450944.188410037,78929.5464390222,461.847248082416,57.1963209751379,1348593.96434188,8121013.25724,0.110195606659748,168.631976456092,20.8838066960472
15,0.03,0.82,0.09,438135.880537749,78987.6132513137,466.232153218295,57.1764418896299,1361397.88730903,8120955.2103068,0.109238637699177,170.23301494383,20.8765483449511
15,0.03,0.82,0.1,426014.314483728,79080.451753851,470.381953291311,57.1446587648336,1373515.30356298,8120862.40358738,0.108325641700047,171.74821069549,20.8649435315099
15,0.03,0.82,0.11,414527.579406747,79205.6665632567,474.314419895613,57.1017916560183,1384998.10617336,8120737.23164509,0.107452107058029,173.184052564386,20.8492916784037
15,0.03,0.82,0.12,403628.637926045,79361.1694326229,478.045656336582,57.0485554870443,1395893.31641762,8120581.78201189,0.106614039596168,174.546420269895,20.829853822207
15,0.03,0.82,0.13,393274.801876036,79545.1374286657,481.590276624146,56.9855743097645,1406243.60784734,8120397.87699702,0.105807889846805,175.840649752391,20.8068578198528
15,0.03,0.82,0.14,383427.26802716,79755.9777931108,484.961565193776,56.9133934276474,1416087.77040765,8120187.10881346,0.105030491854505,177.071591491377,20.7805027752698
15,0.03,0.82,0.15,374050.707338268,79992.2983277382,488.171616822029,56.8324894492329,1425461.12104491,8119950.86918281,0.104279011470321,178.243661592143,20.7509627101511
15,0.03,0.82,0.16,365112.901591567,80252.8823455735,491.231461301853,56.7432788979406,1434395.86694713,8119690.37437553,0.103550902505564,179.360887307839,20.7183897076106
15,0.03,0.82,0.17,356584.421929141,80536.6674241869,494.151173582629,56.6461254951951,1442921.42689728,8119406.68645032,0.102843869405379,180.426947254358,20.6829165714331
15,0.03,0.82,0.18,348438.344261106,80842.7273269492,496.939971184058,56.5413463483165,1451064.71576771,8119100.7313267,0.102155835359356,181.445206978579,20.644659085429
15,0.03,0.82,0.19,340649.99715148,81170.2565830999,499.60630020844,56.4292171940881,1458850.39654831,8118773.31419971,0.101484914952362,182.418750363607,20.6037179279914
15,0.03,0.82,0.2,333196.738193353,81518.5572974744,502.157912321583,56.3099769641164,1466301.10389433,8118425.13272556,0.100829390631821,183.350407736418,20.560180339023
15,0.03,0.82,0.21,326057.755468786,81887.0278482344,504.601932429567,56.1838316200948,1473437.64259878,8118056.78832014,0.10018769238072,184.242780578346,20.5141215202871
15,0.03,0.82,0.22,319213.891022907,82275.1531813255,506.944919209152,56.0509574880482,1480279.16405788,8117668.79586119,0.099558380101946,185.098263626242,20.4656058528236
15,0.03,0.82,0.23,312647.483720395,82682.4964664607,509.192918926858,55.9115041160697,1486843.32336068,8117261.59202942,0.098940128295231,185.919064523169,20.41468794038
15,0.03,0.82,0.24,306342.229116298,83108.6919118805,511.351513457627,55.765596740939,1493146.41937025,8116835.54249138,0.0983317126887843,186.707221351216,20.3614135100354
15,0.03,0.82,0.25,300283.054372727,83553.4385798649,513.425862952687,55.6133383863733,1499203.51976432,8116390.94808175,0.0977319985257681,187.4646182106,20.3058201783246
15,0.03,0.82,0.26,294456.006378797,84016.4950576747,515.420744143782,55.4548116895229,1505028.57287706,8115928.05013063,0.0971399302753043,188.192999205498,20.247938118137
15,0.03,0.82,0.27,288848.151576136,84497.6748743063,517.340584864203,55.2900804935145,1510634.507839,8115447.0350452,0.0965545225542108,188.893981048542,20.1877906401945
15,0.03,0.82,0.28,283447.486092713,84996.8425615946,519.189494677863,55.1191911823542,1516033.32441261,8114948.03824722,0.0959748520950803,189.569064244255,20.1253946804571
15,0.03,0.82,0.29,278242.855045855,85513.9102832705,520.97129234971,54.9421738161539,1521236.1736618,8114431.14754291,0.095400050604704,190.219643119188,20.0607612146232
15,0.03,0.82,0.3,273223.879914059,86048.8349568253,522.689530977823,54.7590431471473,1526253.43055496,8113896.40600003,0.0948292984013783,190.847014998278,19.9938956291021
15,0.03,0.82,0.31,268380.893120835,86601.6158161298,524.34752031192,54.5697994451274,1531094.75935885,8113343.81438442,0.0942618187136439,191.45238835389,19.9247980224022
15,0.03,0.82,0.32,263704.879011855,87172.2923640543,525.948346774848,54.3744291782044,1535769.17264137,8112773.33320677,0.0936968725532207,192.036890116166,19.8534634536919
15,0.03,0.82,0.33,259187.420504724,87760.9426723175,527.494891972081,54.1729056223038,1540285.0846033,8112184.88442206,0.0931337540884122,192.601572431306,19.7798821653437
15,0.03,0.82,0.34,254820.650834678,88367.6819984635,528.989849116489,53.9651893228323,1544650.35931621,8111578.35281221,0.092571786440524,193.147418658658,19.7040397514992
15,0.03,0.82,0.35,250597.209811598,88992.6616871082,530.435737840327,53.7512284552039,1548872.35445056,8110953.58708444,0.0920103178543221,193.675348778949,19.6259172897063
15,0.03,0.82,0.36,246510.20413639,89636.0683346301,531.834918159867,53.5309591486911,1552957.96094545,8110310.40070622,0.0914487181842919,194.186224493121,19.5454914591658
15,0.03,0.82,0.37,242553.171329256,90298.1231952727,533.189602416832,53.3043056498467,1556913.63906833,8109648.57249908,0.0908863756582899,194.680853582446,19.4627346004003
15,0.03,0.82,0.38,238720.046925352,90979.081816064,534.501866862869,53.0711804818522,1560745.45120779,8108967.84700345,0.0903226938704628,195.159994138305,19.3776147734363
15,0.03,0.82,0.39,235005.134584655,91679.2338858134,535.773661558618,52.8314844620058,1564459.09175379,8108267.93462972,0.0897570889741332,195.62435817659,19.2900957641899
15,0.03,0.82,0.4,231403.078805721,92398.9032872443,537.006819983837,52.5851067138158,1568059.9143743,8107548.51160604,0.089188987047955,196.074615146598,19.200137088882
15,0.03,0.82,0.41,227908.840039396,93138.4483511206,538.203067448042,52.3319245650683,1571552.95689316,8106809.21972431,0.0886178215903361,196.511395001966,19.1076939568206
15,0.03,0.82,0.42,224517.671894945,93898.2623006931,539.364028805906,52.0718033903825,1574942.96407625,8106049.66589592,0.0880430311383309,196.935291017756,19.0127172129134
15,0.03,0.82,0.43,221225.100294165,94678.7738907779,540.491235789195,51.8045964097736,1578234.40847005,8105269.42151281,0.0874640569686991,197.34686246753,18.9151532641186
15,0.03,0.82,0.44,218026.904352055,95480.4482381451,541.586133395166,51.530144389666,1581431.50951455,8104468.02161747,0.0868803408702937,197.74663695591,18.8149439702768
15,0.03,0.82,0.45,214919.098834104,96303.787847278,542.65008598745,51.2482753007354,1584538.25107991,8103644.96387742,0.0862913229623603,198.135112646168,18.712026519181
15,0.03,0.82,0.46,211897.918038209,97149.3338358179,543.684382748257,50.9588038921249,1587558.39757904,8102799.70736029,0.0856964395405457,198.512760250957,18.6063332711121
15,0.03,0.82,0.47,208959.800970233,98017.6673667385,544.69024273294,50.6615311992727,1590495.50878703,8101931.67110206,0.0850951209310431,198.880024877865,18.4977915791344
15,0.03,0.82,0.48,206101.377695078,98909.4112966026,545.668819715075,50.3562439954797,1593352.95348521,8101040.2324594,0.08448678933397,199.237327798467,18.3863235888495
15,0.03,0.82,0.49,203319.456750393,99825.2320509232,546.621206187994,50.0427141225114,1596133.92204342,8100124.72523495,0.0838708566398133,199.585067909391,18.271845993982
15,0.03,0.82,0.5,200611.013548054,100765.841742813,547.548437684424,49.7206977952177,1598841.43801426,8099184.43755939,0.0832467221921473,199.923623309525,18.1542697824789
15,0.03,0.82,0.51,197973.179643837,101732.00054897,548.451496183299,49.3899347655511,1601478.36885998,8098218.60951626,0.0826137704895478,200.253352543927,18.0334999312719
15,0.03,0.82,0.52,195403.232823656,102724.519365365,549.331313669192,49.0501474288158,1604047.43586268,8097226.43048721,0.0819713687967715,200.574595903464,17.9094350799464
15,0.03,0.82,0.53,192898.587942436,103744.262766829,550.188775092416,48.701039791732,1606551.22328247,8096207.03619338,0.0813188646414916,200.887676505618,17.7819671539562
15,0.03,0.82,0.54,190456.788410478,104792.152293882,551.024721510738,48.3422963713872,1608992.18686801,8095159.50540975,0.0806555831887541,201.192901441608,17.6509809626028
15,0.03,0.82,0.55,188075.498326464,105869.170103612,551.839952655453,47.973580931053,1611372.66172088,8094082.85631546,0.07998082444756,201.490562713322,17.5163537374507
15,0.03,0.82,0.56,185752.495164978,106976.363017465,552.635229310301,47.5945350840388,1613694.86960571,8092976.04244745,0.0792938602970878,201.780938101924,17.3779546225597
15,0.03,0.82,0.57,183485.662976278,108114.847008078,553.411275938239,47.2047767856526,1615960.92574778,8091837.94821514,0.0785939313003227,202.06429212695,17.2356441238614
15,0.03,0.82,0.58,181272.986081357,109285.812176269,554.16878258041,46.8038986045782,1618172.84513606,8090667.38392513,0.0778802432621247,202.340876739672,17.0892734779966
15,0.03,0.82,0.59,179112.543195647,110490.52827119,554.908406982379,46.3914658431137,1620332.54839737,8089463.08026297,0.0771519635038694,202.610932099441,16.9386839659669
15,0.03,0.82,0.6,177002.501948559,111730.35081842,555.63077646353,45.967014440856,1622441.86727498,8088223.68216714,0.0764082168116899,202.874687256246,16.7837061477175
15,0.03,0.82,0.61,174941.113794833,113006.727932772,556.336489631616,45.5300486368319,1624502.54971554,8086947.74201859,0.0756480809978578,203.132360776744,16.6241590085232
15,0.03,0.82,0.62,172926.709247262,114321.207898544,557.026118019873,45.0800383772292,1626516.26463472,8085633.71206308,0.0748705820365304,203.384161342006,16.4598490124858
15,0.03,0.82,0.63,170957.693435276,115675.447619712,557.700207668658,44.6164164268956,1628484.60635706,8084279.93596386,0.0740746886969826,203.630288325019,16.2905690478703
15,0.03,0.82,0.64,169032.54195579,117071.222056029,558.359280388622,44.1385751255717,1630409.09876382,8082884.63936885,0.0732593066043402,203.870932251895,16.1160972427244
15,0.03,0.82,0.65,167149.796986936,118510.43477958,559.003835337407,43.6458627939476,1632291.19917773,8081445.91935762,0.0724232716440098,204.106275377571,15.9361956526401
15,0.03,0.82,0.66,165308.063652962,119995.129812543,559.634349997292,43.1375796600353,1634132.30199704,8079961.7326078,0.0715653426073751,204.336492042761,15.7506087733704
15,0.03,0.82,0.67,163506.006616898,121527.504931484,560.251281545965,42.6129733206032,1635933.74210156,8078429.8820952,0.0706841929615395,204.56174917447,15.5590618836852
15,0.03,0.82,0.68,161742.346888691,123109.926659732,560.855067826758,42.0712335984183,1637696.79804348,8076848.00210667,0.0697784016039304,204.782206640245,15.3612591676225
15,0.03,0.82,0.69,160015.858823915,124744.947207191,561.446128438741,41.5114867484811,1639422.69504765,8075213.54130606,0.068846442441218,204.998017646195,15.1568815990392
15,0.03,0.82,0.7,158325.367308187,126435.323668693,562.024865692332,40.9327888842774,1641112.60782612,8073523.74354242,0.0678866725939817,205.209329085913,14.9455845413718
15,0.03,0.82,0.71,156669.745106818,128184.039850432,562.591665490006,40.3341185038658,1642767.66322769,8071775.62603106,0.0668973189978482,205.416281862038,14.726995018724
15,0.03,0.82,0.72,155047.910370096,129994.331168536,563.146898196079,39.7143679669669,1644388.94273171,8069965.9544635,0.0658764631201667,205.619011203843,14.5007086039388
15,0.03,0.82,0.73,153458.824281347,131869.713155385,563.69091945194,39.0723337366167,1645977.4847992,8068091.21451088,0.0648220234560219,205.81764696489,14.2662858555822
15,0.03,0.82,0.74,151901.48883731,133814.014222917,564.22407092204,38.4067051616291,1647534.28709177,8066147.57907192,0.0637317353939732,206.01231389541,14.0232482221398
15,0.03,0.82,0.75,150374.944749636,135831.413474487,564.746681016713,37.716051532175,1649060.30856935,8064130.87047398,0.062603127952175,206.203131906227,13.7710733156854
15,0.03,0.82,0.76,148878.269458259,137926.484536676,565.259065573903,36.9988070740507,1650556.47147617,8062036.51665625,0.0614334967700425,206.390216317671,13.5091894329128
15,0.03,0.82,0.77,147410.575246721,140104.246610394,565.761528501595,36.253253471277,1652023.66322478,8059859.50013613,0.0602198725959368,206.573678094145,13.2369691737
15,0.03,0.82,0.78,145971.007450395,142370.224232807,566.254362392915,35.4774994067766,1653462.73818721,8057594.29826778,0.0589589843234636,206.753624068713,12.9537219708993
15,0.03,0.82,0.79,144558.74274849,144730.517618639,566.737849110406,34.6694564811239,1654874.5194024,8055234.81292488,0.0576472153876213,206.930157156437,12.6586852976704
15,0.03,0.82,0.8,143172.987530728,147191.885940603,567.212260345529,33.8268107016077,1656259.80020893,8052774.2872487,0.0562805520158187,207.103376558661,12.3510142574245
15,0.03,0.82,0.81,141812.976329388,149761.846554708,567.677858154958,32.9469885125897,1657619.34581246,8050205.20645678,0.0548545214128083,207.273377958829,12.0297691806593
15,0.03,0.82,0.82,140477.970306935,152448.794034842,568.134895478626,32.0271160442239,1658953.89479759,8047519.17884911,0.0533641174038296,207.440253711633,11.6939007456473
15,0.03,0.82,0.83,139167.255788634,155262.14403442,568.583616642032,31.063969861546,1660264.16059472,8044706.79199572,0.0518037103137088,207.604093026422,11.342231995697
15,0.03,0.82,0.84,137880.14282835,158212.50856322,569.024257847188,30.0539169588481,1661550.8329138,8041757.43751982,0.0501669368418882,207.764982146455,10.9734364295994
15,0.03,0.82,0.85,136615.963793897,161311.911429452,569.457047657006,28.992841003269,1662814.57915845,8038659.09572954,0.0484465642865672,207.923004525764,10.5860110713186
15,0.03,0.82,0.86,135374.071955638,164574.055623504,569.882207478384,27.8760507964756,1664056.04583688,8035398.0683257,0.0466343215013479,208.078241005545,10.1782430470631
15,0.03,0.82,0.87,134153.84005821,168014.658715019,570.299952051282,26.6981654518848,1665275.85998974,8031958.64311953,0.0447206861615325,208.230769992724,9.74816766061943
15,0.03,0.82,0.88,132954.658849639,171651.878546224,570.710489952194,25.452968659258,1666474.63066041,8028322.66848512,0.0426946138539613,208.380667643795,9.29351518171158
15,0.03,0.82,0.89,131775.935533914,175506.860652164,571.11402412396,24.1332212761368,1667652.95044196,8024469.00612656,0.0405431885029817,208.528008058261,8.81164241844944
15,0.03,0.82,0.9,130617.092100857,179604.452608234,571.510752447502,22.7304167720925,1668811.3971467,8020372.81697499,0.0382511645935672,208.672863487394,8.29944342391029
15,0.03,0.82,0.91,129477.563468584,183974.151725727,571.900868377753,21.2344567863294,1669950.53566304,8016004.61381749,0.0358003576678816,208.815304566427,7.75323103410851
15,0.03,0.82,0.92,128356.795344969,188651.386118112,572.284561675807,19.6332125568853,1671070.92009336,8011328.98066933,0.0331688173789611,208.955400581879,7.16857673483273
15,0.03,0.82,0.93,127254.241668457,193679.284002218,572.662019285021,17.9119192022884,1672173.09631226,8006302.80407858,0.0303296810695167,209.093219791443,6.54008949873557
15,0.03,0.82,0.94,126169.361412405,199111.178824767,573.033426425058,16.0523180954777,1673257.60516117,8000872.76885714,0.0272495443062247,209.228829823449,5.8611026446113
15,0.03,0.82,0.95,125101.614406413,205014.261033872,573.398968022456,14.0314066831793,1674324.98662556,7994971.70755944,0.0238860761842806,209.362298199199,5.12321736519584
15,0.03,0.82,0.96,124050.455593081,211475.088761398,573.758830676802,11.8195519094797,1675375.78557624,7988513.09168669,0.0201844061546075,209.493693050868,4.31561389094876
15,0.03,0.82,0.97,123015.326692197,218608.258881099,574.113205514494,9.37752167975941,1676410.56010229,7981382.36359722,0.0160714150931785,209.62308416348,3.42396760332216
15,0.03,0.82,0.98,121995.643336952,226570.774230403,574.462292592633,6.65156622565229,1677429.89437046,7973422.57420337,0.0114462357500447,209.750544582885,2.42865311814129
15,0.03,0.82,0.99,120990.773740193,235587.46163338,574.806308202612,3.564716130596,1678434.4199516,7964408.97365049,0.00616337261138848,209.876153282479,1.30156697718386
15,0.03,0.9,0,524934.395032424,141732.286658755,162.637744793253,43.9121910941783,474902.967222782,8858223.80115015,0.212598425196851,59.3831065676365,16.0334387732619
15,0.03,0.9,0.01,494777.151105149,138638.009569116,172.962181300846,44.9715535860002,505049.88671355,8861317.0188773,0.206354255385703,63.1528164474713,16.4202385030883
15,0.03,0.9,0.02,467368.602035394,136067.18731585,182.34562383144,45.8517135493985,532449.052340774,8863886.9609706,0.200930098815643,66.5789459014546,16.7416069097241
15,0.03,0.9,0.03,442457.636816608,133927.712433889,190.873775693225,46.5841396174187,557351.489407698,8866025.70342652,0.196178508332632,69.6927873499888,17.00903397781
15,0.03,0.9,0.04,419791.28828314,132145.575586706,198.633595940717,47.194258686978,580010.078120919,8867807.2301546,0.191980924043182,72.5260917178543,17.2318037030829
15,0.03,0.9,0.05,399129.923820618,130661.463325961,205.706979325561,47.7023413541864,600664.369200056,8869290.83433268,0.188242252598401,75.1087608262456,17.4173173869473
15,0.03,0.9,0.06,380254.220770161,129427.771129192,212.169045957004,48.1246935229764,619533.610183883,8870524.10417728,0.184886096834756,77.4682229050511,17.5715287225768
15,0.03,0.9,0.07,362967.443727633,128406.143644138,218.087146774717,48.4744458171041,636814.469125592,8871545.38191005,0.181850826091558,79.6290694661185,17.6992320289701
15,0.03,0.9,0.08,347095.197404584,127565.514847818,223.520987048609,48.7622339192063,652681.281608368,8872385.72291827,0.17908644442314,81.6131003961235,17.8043106597502
15,0.03,0.9,0.09,332483.931617485,126880.571719886,228.523132028185,48.9967231558577,667287.545250487,8873070.43155696,0.176552135786337,83.4395085817909,17.8899285422826
15,0.03,0.9,0.1,318998.923970283,126330.558760745,233.139704251491,49.1850192599646,680767.936325465,8873620.25622,0.174214353770434,85.1251345148258,17.9586801572946
15,0.03,0.9,0.11,306522.135485522,125898.349511651,237.411114171022,49.3329854448128,693240.453400307,8874052.31750291,0.172045337675323,86.6847330616945,18.0127063105373
15,0.03,0.9,0.12,294950.142028434,125569.724278488,241.372768928374,49.4454898101361,704808.485202638,8874380.83023171,0.170021958128135,88.1312322549725,18.0537844669259
15,0.03,0.9,0.13,284192.236783051,125332.806334076,245.055721722809,49.5265983063391,715562.707495226,8874617.66706762,0.168124815845834,89.4759703940405,18.0833992066021
15,0.03,0.9,0.14,274168.738863853,125177.619732172,248.487251334258,49.5797262137243,725582.773884813,8874772.80054161,0.166337534676222,90.7289076434209,18.1027975337861
15,0.03,0.9,0.15,264809.511464043,125095.740608812,251.691368910416,49.6077574122548,734938.797167047,8874854.65163378,0.164646203982445,91.8988110734155,18.1130324251495
15,0.03,0.9,0.16,256052.677164707,125080.0206001,254.689258093377,49.6131391340539,743692.6335772,8874870.36626077,0.16303893622295,92.9934153613444,18.1149974263214
15,0.03,0.9,0.17,247843.511178793,125124.366148022,257.499653843576,49.5979575018305,751898.989167364,8874826.03589448,0.161505513782865,94.0195611096356,18.1094542328559
15,0.03,0.9,0.18,240133.491222795,125223.561337033,260.139167690195,49.5639981759181,759606.369609514,8874726.87466479,0.160037105327315,94.9833136028826,18.0970548339821
15,0.03,0.9,0.19,232879.483215361,125373.124832105,262.62256650255,49.5127953310149,766857.894218137,8874577.36237256,0.158626036602081,95.8900645942436,18.0783593952368
15,0.03,0.9,0.2,226043.043649221,125569.193684863,264.963011426685,49.445671455106,773691.993339352,8874381.36064368,0.157265604123587,96.7446195471684,18.0538507900456
15,0.03,0.9,0.21,219589.821622533,125808.4284354,267.172262380229,49.3637697950319,780143.006115087,8874142.20779481,0.155949922843855,97.5512723015812,18.023946446411
15,0.03,0.9,0.22,213489.045678429,126087.935185152,269.260853928669,49.2680810733634,786241.693467642,8873862.79673377,0.154673800899906,98.3138692907054,17.9890081019118
15,0.03,0.9,0.23,207713.082748673,126405.201281423,271.238246225899,49.1594654959417,792015.679005101,8873545.63925308,0.153432636056466,99.0358646532314,17.9493498392057
15,0.03,0.9,0.24,202237.058341225,126758.041975396,273.11295504985,49.0386710141587,797489.828703725,8873192.91935359,0.152222329631871,99.7203677125765,17.9052447540447
15,0.03,0.9,0.25,197038.528773496,127144.555976668,274.892663900702,48.9063485205374,802686.578562603,8872806.53767481,0.151039214588195,100.370183906744,17.8569305035612
15,0.03,0.9,0.26,192097.197678277,127563.088259374,276.584321253578,48.7630646186881,807626.218000469,8872388.14867601,0.149879995156417,100.987850297713,17.8046139688985
15,0.03,0.9,0.27,187394.670236368,128012.198812176,278.194224491383,48.6093122847915,812327.135539141,8871939.19187554,0.148741695895671,101.575666217416,17.7484751479845
15,0.03,0.9,0.28,182914.23960369,128490.63628369,279.728093250174,48.4455199294114,816806.03230306,8871460.91819638,0.147621618508679,102.13572004797,17.6886704642264
15,0.03,0.9,0.29,178640.700850881,128997.315677227,281.191132887835,48.2720589955218,821078.108016231,8870954.41226378,0.146517305073072,102.669912395671,17.6253355407399
15,0.03,0.9,0.3,174560.188510778,129531.299419674,282.588090223967,48.0892504586489,825157.223398998,8870420.61132987,0.145426506573987,103.179976443026,17.5585875737142
15,0.03,0.9,0.31,170660.034358099,130091.781243382,283.923302186656,47.8973703404369,829056.042339714,8869860.32138628,0.144347155876872,103.667495710903,17.488527345552
15,0.03,0.9,0.32,166928.642644592,130678.072437504,285.200738549375,47.6966544174942,832786.156616859,8869274.23090808,0.143277344386536,104.133919662841,17.4152409441876
15,0.03,0.9,0.33,163355.380361504,131289.590093309,286.424039572603,47.4873022592205,836358.195598924,8868662.92260443,0.142215301818462,104.580577448947,17.3388012373979
15,0.03,0.9,0.34,159930.480521642,131925.847044244,287.596548964504,47.2694806448702,839781.922929394,8868026.88347511,0.141159378573009,105.008689940665,17.2592691204582
15,0.03,0.9,0.35,156644.95670443,132586.443246252,288.721343127131,47.0433265148703,843066.321952443,8867366.51342723,0.140108030320846,105.419380409294,17.176694593742
15,0.03,0.9,0.36,153490.527400518,133271.058393594,289.801257288706,46.8089495367135,846219.671342194,8866682.13265687,0.139059804449099,105.813684067539,17.0911176995925
15,0.03,0.9,0.37,150459.548889211,133979.445597872,290.838908286169,46.5664342350801,849249.612202502,8865973.9879679,0.138013328085187,106.192556387987,17.0025693000836
15,0.03,0.9,0.38,147544.95554795,134711.425984471,291.836714985106,46.3158418414842,852163.207737064,8865242.25817369,0.13696729747111,106.556880558937,16.9110717523719
15,0.03,0.9,0.39,144740.206683956,135466.884090744,292.796916586184,46.0572118844955,854966.996399458,8864487.05869737,0.135920468469313,106.90747416853,16.8166394893264
15,0.03,0.9,0.4,142039.239058706,136245.763962048,293.721588822209,45.790563519234,857667.039352472,8863708.44547443,0.134871648049826,107.245095118709,16.7192795049603
15,0.03,0.9,0.41,139436.424435387,137048.065866202,294.612658540339,45.5158966583446,860268.962906073,8862906.41823714,0.133819686593961,107.570446949541,16.6189917673781
15,0.03,0.9,0.42,136926.531531962,137873.843554085,295.471916619225,45.2331928935178,862777.996551419,8862080.92325302,0.132763470903644,107.884183555595,16.5157695552457
15,0.03,0.9,0.43,134504.69186434,138723.20200921,296.301029825458,44.9424162919697,865199.007105834,8861231.8555745,0.131701917804757,108.186913515021,16.4095997486054
15,0.03,0.9,0.44,132166.369038336,139596.295639862,297.101551149588,44.6435139856531,867536.529410514,8860359.06084615,0.130633968241754,108.479203863493,16.3004630440116
15,0.03,0.9,0.45,129907.331069865,140493.326869977,297.874929460125,44.3364166839377,869794.794000675,8859462.33671334,0.129558581804804,108.761583619128,16.1883341417227
15,0.03,0.9,0.46,127723.625423694,141414.545101675,298.622517832321,44.0210389936435,871977.752058473,8858541.43385933,0.128474731588205,109.034546823526,16.0731818625541
15,0.03,0.9,0.47,125611.556440863,142360.246018313,299.345581507198,43.6972796937257,874089.09797763,8857596.05670199,0.127381399341034,109.298555447816,15.9549692481716
15,0.03,0.9,0.48,123567.664910382,143330.771211147,300.045304726759,43.3650218389772,876132.289784891,8856625.86376702,0.126277570836753,109.554041888358,15.8336535989565
15,0.03,0.9,0.49,121588.709546217,144326.508111979,300.722797157278,43.0241327949398,878110.567656625,8855630.46775523,0.125162231415188,109.801411312051,15.7091864867524
15,0.03,0.9,0.5,119671.65016575,145347.89022123,301.379099572611,42.674464149772,880026.970734677,8854609.43531462,0.124034361650171,110.041043731449,15.5815137226855
15,0.03,0.9,0.51,117813.632398872,146395.397625431,302.015189179866,42.3158515485594,881884.352411948,8853562.28652302,0.12289293308858,110.273295949299,15.4505752966678
15,0.03,0.9,0.52,116011.973754716,147469.557798894,302.631984344365,41.9481144143465,883685.394260939,8852488.49408669,0.121736904033219,110.498503283736,15.3163052755383
15,0.03,0.9,0.53,114264.150925753,148570.946693516,303.230348877142,41.5710555651132,885432.61872537,8851387.48225092,0.120565215308093,110.716981133766,15.178631663212
15,0.03,0.9,0.54,112567.788187167,149700.190117931,303.811096144863,41.1844607619106,887128.400716687,8850258.62542131,0.119376785982898,110.929026479893,15.0374762356926
15,0.03,0.9,0.55,110920.646795031,150857.965416812,304.374992531129,40.7880981103025,888774.978212437,8849101.24648508,0.118170509003452,111.134919147929,14.8927543225242
15,0.03,0.9,0.56,109320.6152776,152045.003460489,304.922760947389,40.3817174050029,890374.461961453,8847914.61482211,0.116945246692666,111.334923090915,14.7443745675017
15,0.03,0.9,0.57,107765.700537393,153262.090961793,305.455083690637,39.9650493112101,891928.844378916,8846697.9439889,0.115699826075269,111.529287432544,14.5922386297556
15,0.03,0.9,0.58,106254.019686373,154510.073140488,305.9726053749,39.5378044703128,893440.007708252,8845450.38905504,0.11443303398015,111.71824753751,14.436240857223
15,0.03,0.9,0.59,104783.792540738,155789.856758942,306.47593544957,39.0996724545015,894909.731523813,8844171.0435686,0.113143611875972,111.902025931024,14.2762679049499
15,0.03,0.9,0.6,103353.33472023,157102.413560446,306.965650560677,38.6503205890144,896339.699629209,8842858.93611897,0.111830250380051,112.080833160967,14.1121983050639
15,0.03,0.9,0.61,101961.051291391,158448.78414442,307.442296717156,38.1893926244077,897731.506411892,8841513.02646296,0.110491583387968,112.254868588852,13.9439019819869
15,0.03,0.9,0.62,100605.430907292,159830.082321055,307.906391337268,37.7165072507213,899086.662701371,8840132.2011717,0.109126181757079,112.42432113702,13.7712397099196
15,0.03,0.9,0.63,99285.0403987592,161247.499994683,308.358425060252,37.2312564208402,900406.60117618,8838715.2687489,0.107732546473258,112.589369950125,13.5940625006593
15,0.03,0.9,0.64,97998.5197771857,162702.312632738,308.79886347934,36.7332034807643,901692.681359335,8837260.95416378,0.106309101218688,112.750185027894,13.4122109209141
15,0.03,0.9,0.65,96744.5776126802,164195.885388224,309.228148712031,36.2218810721809,902946.194238608,8835767.8927307,0.104854184250055,112.90692779848,13.22551432648
15,0.03,0.9,0.66,95521.986754596,165729.67995365,309.646700871288,35.6967887868246,904168.366544533,8834234.62325756,0.103366039481921,113.059751655629,13.0337900057894
15,0.03,0.9,0.67,94329.5803656771,167305.262238311,310.054919423017,35.1573905380754,905360.3647149,8832659.58037115,0.101842806654368,113.208802454329,12.8368422202148
15,0.03,0.9,0.68,93166.2482427648,168924.310976255,310.45318444274,34.603111613745,906523.298572792,8831041.08591213,0.100282510446007,113.354218969655,12.6344611279686
15,0.03,0.9,0.69,92030.9333999773,170588.627390535,310.841857788432,34.0333353678432,907658.224742234,8829377.3392741,0.0986830483699694,113.496133325001,12.4264215761837
15,0.03,0.9,0.7,90922.628892623,172300.146061776,311.221284186,33.4473994995626,908766.149823191,8827666.40653872,0.0970421772639961,113.634671388413,12.2124817422778
15,0.03,0.9,0.71,89840.3748618436,174060.947175295,311.591792241739,32.844591860561,909848.033345915,8825906.20823285,0.0953574981521286,113.769953142265,11.9923816030873
15,0.03,0.9,0.72,88783.2557819392,175873.270353012,311.95369538447,32.2241457196152,910904.790522676,8824094.50550127,0.0936264392159695,113.902093027255,11.7658412058745
15,0.03,0.9,0.73,87750.3978938614,177739.530314888,312.30729274431,31.5852344009295,911937.294813394,8822228.88445071,0.0918462365644536,114.031200263266,11.5325587106394
15,0.03,0.9,0.74,86740.9668098008,179662.334662036,312.652869972676,30.9269651961547,912946.380320226,8820306.73837277,0.0900139124316116,114.157379148773,11.292208167246
15,0.03,0.9,0.75,85754.1652750579,181644.504130781,312.990700008538,30.2483724304131,913932.844024933,8818325.24749679,0.0881262503580302,114.280729340617,11.0444369836546
15,0.03,0.9,0.76,84789.2310745284,183689.095738493,313.321043795095,29.5484095383376,914897.447881676,8816281.35585197,0.0861797668210545,114.401346115684,10.7888630326855
15,0.03,0.9,0.77,83845.4350721256,185799.429330067,313.644150951001,28.825939976,915840.920776923,8814171.74472996,0.0841706786656135,114.519320615984,10.525071333737
15,0.03,0.9,0.78,82922.07937235,187979.118143365,313.960260399742,28.079726756778,916763.96036725,8811992.80212988,0.0820948655454383,114.634740078456,10.2526102320686
15,0.03,0.9,0.79,82018.4955939793,190232.104151194,314.269600960638,27.3084203521755,917667.23480506,8809740.58742845,0.0799478264064502,114.747688050753,9.97098698108809
15,0.03,0.9,0.8,81134.0432465129,192562.699111028,314.572391904653,26.5105446383979,918551.384361582,8807410.79034434,0.077724628816346,114.858244594186,9.67966261109504
15,0.03,0.9,0.81,80268.1082005473,194975.632478299,314.868843478075,25.6844804934336,919417.022955974,8804998.68304121,0.0754198496549763,114.966486474932,9.37804594016495
15,0.03,0.9,0.82,79420.1012436953,197476.107624465,315.159157396889,24.8284465507926,920264.739598908,8802499.06392898,0.0730275053046149,115.072487344539,9.06548654685816
15,0.03,0.9,0.83,78589.4567139715,200069.868174793,315.443527314629,23.940476488903,921095.099758714,8799906.19134872,0.0705409689926402,115.176317910754,8.74126647801071
15,0.03,0.9,0.84,77775.6312027412,202763.276767431,315.722139266434,23.0183920680434,921908.646657992,8797213.7048405,0.0679528722983393,115.278046099657,8.40459040384433
15,0.03,0.9,0.85,76978.1023193414,205563.409180912,315.995172091976,22.059770905951,922705.902508567,8794414.53104818,0.0652549869862021,115.377737210083,8.05457385203536
15,0.03,0.9,0.86,76196.3675093018,208478.167639372,316.262797840021,21.0619076878438,923487.369692858,8791500.77045294,0.0624380821881545,115.475454061338,7.69022904452397
15,0.03,0.9,0.87,75429.9429176547,211516.41827309,316.525182157599,20.0217671070686,924253.531900187,8788463.5599598,0.0594917504104993,115.571257135293,7.31044771496841
15,0.03,0.9,0.88,74678.3622880541,214688.159311315,316.78248466688,18.9359262846682,925004.855227279,8785292.9047624,0.0564041937140023,115.665204713995,6.91398008468947
15,0.03,0.9,0.89,73941.1758871972,218004.728806507,317.034859333382,17.8005036545334,925741.789253469,8781977.47068984,0.0531619584493405,115.757353014101,6.4994088968615
15,0.03,0.9,0.9,73217.9494421651,221479.063835332,317.282454829799,16.6110702274808,926464.768103005,8778504.32509444,0.0497496027352765,115.84775631973,6.06511701680892
15,0.03,0.9,0.91,72508.2630754967,225126.027610108,317.525414900554,15.3625376036793,927174.211509603,8774858.60985229,0.0461492748178801,115.936467115565,5.60924654254339
15,0.03,0.9,0.92,71811.7102186043,228962.827536415,317.763878733794,14.0490148517045,927870.525902662,8771023.12344874,0.0423401715945812,116.023536222676,5.12964654772861
15,0.03,0.9,0.93,71127.8964778218,233009.557058036,317.997981349607,12.6636230075637,928554.105540828,8766977.77931896,0.0382978333156723,116.109012940275,4.6238053506367
15,0.03,0.9,0.94,70456.4384177171,237289.909134857,318.227854016538,11.1982508157792,929225.333728266,8762698.89261433,0.0339932101661442,116.192945197789,4.08876132911138
15,0.03,0.9,0.95,69796.9622112674,241832.132672271,318.453624713717,9.64322729347481,929884.584164019,8758158.22410044,0.0293914045029101,116.275379723596,3.52098336552999
15,0.03,0.9,0.96,69149.1020824795,246670.341103346,318.675418664004,7.98687373529771,930532.222498856,8753321.67202292,0.0244499408751311,116.356362239695,2.91620727260058
15,0.03,0.9,0.97,68512.4984274962,251846.345425949,318.893358977247,6.21487616189838,931168.608213526,8748147.43969789,0.0191163295486453,116.435937696567,2.26920665861315
15,0.03,0.9,0.98,67886.795432709,257412.293386594,319.107567465704,4.30938177231384,931794.096999825,8742583.39723163,0.0133245390585339,116.514150570915,1.57346301961609
15,0.03,0.9,0.99,67271.6378879623,263434.594611282,319.318165735041,2.2476551114322,932409.043946302,8736563.15773361,0.00698972019325805,116.591045264007,0.820675072561681
